stream,next_stream,drainage_area_km2,length_km,area_sqkm,centroid_lon,centroid_lat,hu,i2,i3,sw,ss,n,slope,res_ss,res_gw,melt,t_thres
420558772,420558773,0.112,0.33,0.112,-74.79066176,40.31169117647059,178,4,1.6,0.11,0.33,0.1,0.02,2,55,3.7,0
420557886,420558773,0.086,0.21,0.086,-74.78842949,40.31451923076923,178,4,1.6,0.11,0.33,0.1,0.02,2,55,3.7,0
420553620,420553417,0.761,1.358,0.761,-74.79696121,40.32966235632185,178,4,1.6,0.11,0.33,0.1,0.02,2,55,3.7,0
420553824,420553417,0.053,0.117,0.053,-74.78989583,40.33020833333335,178,4,1.6,0.11,0.33,0.1,0.02,2,55,3.7,0
420553417,420551946,0.8410000000000001,0.234,0.027,-74.790625,40.33312499999998,178,4,1.6,0.11,0.33,0.1,0.02,2,55,3.7,0
420552578,420551946,0.23,0.517,0.23,-74.79313095,40.33510714285714,178,4,1.6,0.11,0.33,0.1,0.02,2,55,3.7,0
420551525,420551526,5.19,1.058,0.413,-74.79431878,40.339212962962975,178,4,1.6,0.11,0.33,0.1,0.02,2,55,3.7,0
420551526,420551143,5.585999999999999,0.071,0.014,-74.78833333,40.34125,178,4,1.6,0.11,0.33,0.1,0.02,2,55,3.7,0
420550514,420551526,0.382,0.375,0.158,-74.79049242,40.34367424242424,178,4,1.6,0.11,0.33,0.1,0.02,2,55,3.7,0
420550311,420551143,0.151,0.419,0.151,-74.78653986,40.34440217391305,178,4,1.6,0.11,0.33,0.1,0.02,2,55,3.7,0
420550722,420550514,0.112,0.375,0.112,-74.79404412,40.34257352941179,178,4,1.6,0.11,0.33,0.1,0.02,2,55,3.7,0
420550310,420550514,0.112,0.304,0.112,-74.79502778,40.34547222222222,178,4,1.6,0.11,0.33,0.1,0.02,2,55,3.7,0
420549336,420549337,1.248,0.562,0.217,-74.79084596,40.34789141,178,4,1.6,0.11,0.33,0.1,0.02,2,55,3.7,0
420549516,420549336,0.952,0.492,0.132,-74.79583333,40.34845833333332,178,4,1.6,0.11,0.33,0.1,0.02,2,55,3.7,0
420549714,420549337,0.092,0.21,0.092,-74.78625,40.34738095238095,178,4,1.6,0.11,0.33,0.1,0.02,2,55,3.7,0
420548919,420549336,0.079,0.234,0.079,-74.794375,40.35076389,178,4,1.6,0.11,0.33,0.1,0.02,2,55,3.7,0
420549337,420548920,1.373,0.117,0.033,-74.78841667,40.34975,178,4,1.6,0.11,0.33,0.1,0.02,2,55,3.7,0
420548480,420548920,0.151,0.071,0.151,-74.79081349,40.352202380952384,178,4,1.6,0.11,0.33,0.1,0.02,2,55,3.7,0
420548055,420547230,0.151,0.397,0.151,-74.79527174,40.353822463768125,178,4,1.6,0.11,0.33,0.1,0.02,2,55,3.7,0
420547868,420547228,0.151,0.21,0.151,-74.80005435,40.35585144927538,178,4,1.6,0.11,0.33,0.1,0.02,2,55,3.7,0
420547230,420548056,3.084,0.213,0.099,-74.79219444,40.35641666666667,178,4,1.6,0.11,0.33,0.1,0.02,2,55,3.7,0
420547231,420548056,0.053,0.117,0.053,-74.78947917,40.358020833333335,178,4,1.6,0.11,0.33,0.1,0.02,2,55,3.7,0
420547229,420547230,2.834,0.234,0.079,-74.79388889,40.35805555555557,178,4,1.6,0.11,0.33,0.1,0.02,2,55,3.7,0
420547228,420547229,2.663,0.188,0.053,-74.79680556,40.3575,178,4,1.6,0.11,0.33,0.1,0.02,2,55,3.7,0
420546417,420547229,0.092,0.21,0.092,-74.79452381,40.36053571428573,178,4,1.6,0.11,0.33,0.1,0.02,2,55,3.7,0
420556818,420556611,3.131,0.35,0.112,-74.77968137,40.318553921568615,178,4,1.6,0.11,0.33,0.1,0.02,2,55,3.7,0
420556819,420556417,0.099,0.117,0.099,-74.77536111,40.318916666666674,178,4,1.6,0.11,0.33,0.1,0.02,2,55,3.7,0
420556611,420556417,3.735,0.117,0.033,-74.77775,40.31991666666667,178,4,1.6,0.11,0.33,0.1,0.02,2,55,3.7,0
420555999,420556611,0.571,1.291,0.571,-74.78693627,40.321661764705865,178,4,1.6,0.11,0.33,0.1,0.02,2,55,3.7,0
420556417,420554485,3.867,0.117,0.033,-74.77725,40.32091666666668,178,4,1.6,0.11,0.33,0.1,0.02,2,55,3.7,0
420555544,420554485,0.118,0.188,0.118,-74.77875,40.32421296296296,178,4,1.6,0.11,0.33,0.1,0.02,2,55,3.7,0
420554485,420553623,4.47,1.259,0.485,-74.7728491,40.32496622,178,4,1.6,0.11,0.33,0.1,0.02,2,55,3.7,0
420555118,420554043,0.197,0.63,0.197,-74.78372222,40.32480555555555,178,4,1.6,0.11,0.33,0.1,0.02,2,55,3.7,0
420554484,420554043,0.243,0.471,0.243,-74.78602477,40.32751126126125,178,4,1.6,0.11,0.33,0.1,0.02,2,55,3.7,0
420554043,420553621,0.6759999999999999,0.654,0.236,-74.77946759,40.32861111111111,178,4,1.6,0.11,0.33,0.1,0.02,2,55,3.7,0
420554262,420553825,0.138,0.234,0.138,-74.77509921,40.32851190476191,178,4,1.6,0.11,0.33,0.1,0.02,2,55,3.7,0
420553622,420553623,64.38199999999999,0.259,0.079,-74.77152778,40.33111111,178,4,1.6,0.11,0.33,0.1,0.02,2,55,3.7,0
420553222,420553008,0.217,0.701,0.217,-74.78614899,40.33114899,178,4,1.6,0.11,0.33,0.1,0.02,2,55,3.7,0
420553825,420553622,64.099,0.071,0.014,-74.77333333,40.33166666666666,178,4,1.6,0.11,0.33,0.1,0.02,2,55,3.7,0
420553621,420553825,63.947,0.329,0.079,-74.77534722,40.33152777777777,178,4,1.6,0.11,0.33,0.1,0.02,2,55,3.7,0
420552360,420553622,0.204,0.35,0.204,-74.7709543,40.33498655913978,178,4,1.6,0.11,0.33,0.1,0.02,2,55,3.7,0
420553010,420553621,0.066,0.234,0.066,-74.77558333,40.33416666666666,178,4,1.6,0.11,0.33,0.1,0.02,2,55,3.7,0
420553009,420553621,63.126000000000005,0.492,0.191,-74.77897989,40.33337644,178,4,1.6,0.11,0.33,0.1,0.02,2,55,3.7,0
420553418,420553009,0.066,0.21,0.066,-74.78225,40.33183333333334,178,4,1.6,0.11,0.33,0.1,0.02,2,55,3.7,0
420554683,420553619,0.112,0.21,0.112,-74.81419118,40.32732843137256,178,4,1.6,0.11,0.33,0.1,0.02,2,55,3.7,0
420554042,420553619,0.066,0.234,0.066,-74.815,40.330333333333336,178,4,1.6,0.11,0.33,0.1,0.02,2,55,3.7,0
420553619,420552358,0.349,0.446,0.171,-74.81163462,40.33067307692308,178,4,1.6,0.11,0.33,0.1,0.02,2,55,3.7,0
420554261,420552358,0.125,0.21,0.125,-74.8089693,40.32844298245614,178,4,1.6,0.11,0.33,0.1,0.02,2,55,3.7,0
420552358,420551525,1.208,1.308,0.734,-74.80396577,40.33377976190477,178,4,1.6,0.11,0.33,0.1,0.02,2,55,3.7,0
420552808,420551945,0.328,0.63,0.328,-74.8143,40.33511666666666,178,4,1.6,0.11,0.33,0.1,0.02,2,55,3.7,0
420551944,420551945,0.086,0.142,0.086,-74.81259615,40.33791666666667,178,4,1.6,0.11,0.33,0.1,0.02,2,55,3.7,0
420551945,420551523,0.637,0.679,0.223,-74.80816176,40.33786764705883,178,4,1.6,0.11,0.33,0.1,0.02,2,55,3.7,0
420551524,420551525,3.569,0.188,0.04,-74.80097222,40.339166666666685,178,4,1.6,0.11,0.33,0.1,0.02,2,55,3.7,0
420551523,420551524,3.293,0.492,0.125,-74.80344298,40.33953947368423,178,4,1.6,0.11,0.33,0.1,0.02,2,55,3.7,0
420550098,420551524,0.236,0.443,0.236,-74.79888889,40.34351851851851,178,4,1.6,0.11,0.33,0.1,0.02,2,55,3.7,0
420551341,420551522,0.8399999999999999,0.75,0.21,-74.81489583,40.34109375,178,4,1.6,0.11,0.33,0.1,0.02,2,55,3.7,0
420551342,420551523,2.531,0.117,0.027,-74.80291667,40.34166666666666,178,4,1.6,0.11,0.33,0.1,0.02,2,55,3.7,0
420550512,420551341,0.348,0.75,0.348,-74.82227201,40.34216194968554,178,4,1.6,0.11,0.33,0.1,0.02,2,55,3.7,0
420550917,420551342,1.7139999999999995,0.633,0.164,-74.80771667,40.34185,178,4,1.6,0.11,0.33,0.1,0.02,2,55,3.7,0
420551522,420550917,1.36,0.117,0.04,-74.81097222,40.34013888888889,178,4,1.6,0.11,0.33,0.1,0.02,2,55,3.7,0
420551142,420551342,0.79,0.21,0.027,-74.80375,40.34270833333333,178,4,1.6,0.11,0.33,0.1,0.02,2,55,3.7,0
420549906,420551341,0.282,0.793,0.282,-74.81942829,40.34516472868217,178,4,1.6,0.11,0.33,0.1,0.02,2,55,3.7,0
420549907,420551522,0.48,0.792,0.204,-74.81375,40.34522849462365,178,4,1.6,0.11,0.33,0.1,0.02,2,55,3.7,0
420549133,420550917,0.19,0.628,0.19,-74.81159483,40.34708333333335,178,4,1.6,0.11,0.33,0.1,0.02,2,55,3.7,0
420550513,420551142,0.086,0.259,0.086,-74.80144231,40.34407051282051,178,4,1.6,0.11,0.33,0.1,0.02,2,55,3.7,0
420550309,420551142,0.375,0.302,0.059,-74.80402778,40.3449537,178,4,1.6,0.11,0.33,0.1,0.02,2,55,3.7,0
420549134,420551142,0.302,0.746,0.302,-74.80869565,40.34782608695652,178,4,1.6,0.11,0.33,0.1,0.02,2,55,3.7,0
420549713,420550309,0.086,0.234,0.086,-74.80195513,40.34714743589743,178,4,1.6,0.11,0.33,0.1,0.02,2,55,3.7,0
420548918,420550309,0.23,0.537,0.23,-74.80539286,40.349083333333326,178,4,1.6,0.11,0.33,0.1,0.02,2,55,3.7,0
420549515,420549907,0.033,0.093,0.033,-74.81525,40.34875,178,4,1.6,0.11,0.33,0.1,0.02,2,55,3.7,0
420548710,420549907,0.243,0.397,0.243,-74.81739865,40.34989864864865,178,4,1.6,0.11,0.33,0.1,0.02,2,55,3.7,0
420545156,420543770,0.44,0.093,0.014,-74.83166667,40.36666666666667,178,4,1.6,0.11,0.33,0.1,0.02,2,55,3.7,0
420545378,420545156,0.118,0.326,0.118,-74.83032407,40.36430555555556,178,4,1.6,0.11,0.33,0.1,0.02,2,55,3.7,0
420544734,420543770,0.171,0.259,0.171,-74.82836538,40.36615384615383,178,4,1.6,0.11,0.33,0.1,0.02,2,55,3.7,0
420543771,420543345,0.217,0.886,0.217,-74.82811869,40.36991161616163,178,4,1.6,0.11,0.33,0.1,0.02,2,55,3.7,0
420553008,420553009,1.682,0.142,0.033,-74.78208333,40.33441666666667,178,4,1.6,0.11,0.33,0.1,0.02,2,55,3.7,0
420552359,420553009,61.187000000000005,0.302,0.066,-74.78008333,40.336666666666666,178,4,1.6,0.11,0.33,0.1,0.02,2,55,3.7,0
420551144,420551948,0.354,1.262,0.354,-74.77182099,40.33864197530863,178,4,1.6,0.11,0.33,0.1,0.02,2,55,3.7,0
420551947,420552359,0.033,0.093,0.033,-74.78091667,40.33925000000001,178,4,1.6,0.11,0.33,0.1,0.02,2,55,3.7,0
420551948,420552359,61.08800000000001,0.234,0.073,-74.77806818,40.33814393939394,178,4,1.6,0.11,0.33,0.1,0.02,2,55,3.7,0
420549909,420552145,0.263,0.765,0.263,-74.76220833,40.34387500000001,178,4,1.6,0.11,0.33,0.1,0.02,2,55,3.7,0
420551727,420551948,60.66100000000001,0.186,0.033,-74.77847222,40.34041666666667,178,4,1.6,0.11,0.33,0.1,0.02,2,55,3.7,0
420551527,420551727,0.073,0.35,0.073,-74.77496212,40.339962121212125,178,4,1.6,0.11,0.33,0.1,0.02,2,55,3.7,0
420551726,420550918,0.112,0.234,0.112,-74.78340686,40.33845588235295,178,4,1.6,0.11,0.33,0.1,0.02,2,55,3.7,0
420551143,420550918,5.874999999999999,0.517,0.138,-74.78537698,40.34105158730159,178,4,1.6,0.11,0.33,0.1,0.02,2,55,3.7,0
420550918,420551727,6.124999999999999,0.4,0.138,-74.78125,40.34188492063492,178,4,1.6,0.11,0.33,0.1,0.02,2,55,3.7,0
420550919,420551727,54.43000000000001,0.302,0.086,-74.77708333,40.34240384615386,178,4,1.6,0.11,0.33,0.1,0.02,2,55,3.7,0
420550516,420550920,0.243,0.795,0.243,-74.77147523,40.34264639639638,178,4,1.6,0.11,0.33,0.1,0.02,2,55,3.7,0
420550920,420550919,0.757,0.117,0.007,-74.77625,40.34375,178,4,1.6,0.11,0.33,0.1,0.02,2,55,3.7,0
420550312,420550919,53.58700000000001,0.326,0.112,-74.77811275,40.345318627450986,178,4,1.6,0.11,0.33,0.1,0.02,2,55,3.7,0
420549908,420550920,0.507,0.421,0.132,-74.77354167,40.34558333333334,178,4,1.6,0.11,0.33,0.1,0.02,2,55,3.7,0
420550515,420550312,0.105,0.188,0.105,-74.78166667,40.344479166666666,178,4,1.6,0.11,0.33,0.1,0.02,2,55,3.7,0
420550313,420549908,0.099,0.259,0.099,-74.76958333,40.34547222222221,178,4,1.6,0.11,0.33,0.1,0.02,2,55,3.7,0
420549715,420550312,53.37000000000001,0.186,0.04,-74.77861111,40.34736111,178,4,1.6,0.11,0.33,0.1,0.02,2,55,3.7,0
420549339,420549908,0.276,0.562,0.276,-74.76835317,40.34839285714285,178,4,1.6,0.11,0.33,0.1,0.02,2,55,3.7,0
420549338,420549715,53.02200000000001,0.35,0.164,-74.78155,40.34811666666664,178,4,1.6,0.11,0.33,0.1,0.02,2,55,3.7,0
420548921,420549715,0.308,0.866,0.308,-74.77337766,40.35000886524824,178,4,1.6,0.11,0.33,0.1,0.02,2,55,3.7,0
420549135,420549338,0.073,0.259,0.073,-74.77890152,40.35049242424242,178,4,1.6,0.11,0.33,0.1,0.02,2,55,3.7,0
420548481,420549338,52.78500000000001,0.443,0.132,-74.78320833,40.35162499999999,178,4,1.6,0.11,0.33,0.1,0.02,2,55,3.7,0
420548920,420548481,1.649,0.421,0.125,-74.78585526,40.35063596491228,178,4,1.6,0.11,0.33,0.1,0.02,2,55,3.7,0
420551946,420553008,1.432,0.75,0.361,-74.78703788,40.33605303030304,178,4,1.6,0.11,0.33,0.1,0.02,2,55,3.7,0
420547227,420549516,0.741,1.613,0.741,-74.80462758,40.35349188790562,178,4,1.6,0.11,0.33,0.1,0.02,2,55,3.7,0
420548479,420549516,0.079,0.117,0.079,-74.79833333,40.352222222222224,178,4,1.6,0.11,0.33,0.1,0.02,2,55,3.7,0
420547226,420546622,0.348,0.768,0.348,-74.81263365,40.35541666666665,178,4,1.6,0.11,0.33,0.1,0.02,2,55,3.7,0
420546623,420547228,2.459,0.443,0.184,-74.79910714,40.35919642857144,178,4,1.6,0.11,0.33,0.1,0.02,2,55,3.7,0
420547026,420546416,0.132,0.326,0.132,-74.81666667,40.35741666666667,178,4,1.6,0.11,0.33,0.1,0.02,2,55,3.7,0
420546416,420546622,0.73,0.492,0.125,-74.81304825,40.35967105263158,178,4,1.6,0.11,0.33,0.1,0.02,2,55,3.7,0
420546822,420546415,0.105,0.234,0.105,-74.81916667,40.35953124999999,178,4,1.6,0.11,0.33,0.1,0.02,2,55,3.7,0
420546622,420545158,1.177,0.234,0.099,-74.80936111,40.35958333333334,178,4,1.6,0.11,0.33,0.1,0.02,2,55,3.7,0
420546415,420546416,0.473,0.188,0.059,-74.81578704,40.36078703703703,178,4,1.6,0.11,0.33,0.1,0.02,2,55,3.7,0
420546218,420546623,2.137,0.21,0.046,-74.79910714,40.36208333333333,178,4,1.6,0.11,0.33,0.1,0.02,2,55,3.7,0
420545817,420546623,0.138,0.35,0.138,-74.79660714,40.36311507936508,178,4,1.6,0.11,0.33,0.1,0.02,2,55,3.7,0
420545158,420545987,1.6829999999999998,0.517,0.348,-74.80782233,40.36285377358492,178,4,1.6,0.11,0.33,0.1,0.02,2,55,3.7,0
420545815,420546415,0.145,0.375,0.145,-74.81950758,40.36257575757577,178,4,1.6,0.11,0.33,0.1,0.02,2,55,3.7,0
420545157,420545158,0.158,0.375,0.158,-74.81288194,40.36434027777776,178,4,1.6,0.11,0.33,0.1,0.02,2,55,3.7,0
420545379,420546415,0.164,0.302,0.164,-74.81648333,40.364316666666646,178,4,1.6,0.11,0.33,0.1,0.02,2,55,3.7,0
420545987,420546218,2.045,0.4,0.132,-74.802625,40.36204166666665,178,4,1.6,0.11,0.33,0.1,0.02,2,55,3.7,0
420545816,420546218,0.046,0.234,0.046,-74.80077381,40.3639881,178,4,1.6,0.11,0.33,0.1,0.02,2,55,3.7,0
420544735,420545987,0.23,0.468,0.23,-74.80622619,40.36632142857143,178,4,1.6,0.11,0.33,0.1,0.02,2,55,3.7,0
420548263,420548481,51.00400000000001,0.093,0.014,-74.78375,40.35416666666666,178,4,1.6,0.11,0.33,0.1,0.02,2,55,3.7,0
420548482,420548058,0.151,0.375,0.151,-74.77875,40.352699275362326,178,4,1.6,0.11,0.33,0.1,0.02,2,55,3.7,0
420548057,420548263,49.74200000000001,0.117,0.033,-74.78508333,40.35441666666667,178,4,1.6,0.11,0.33,0.1,0.02,2,55,3.7,0
420548058,420548263,1.248,0.117,0.02,-74.78263889,40.35486111111111,178,4,1.6,0.11,0.33,0.1,0.02,2,55,3.7,0
420548056,420548057,3.314,0.77,0.177,-74.78891667,40.354850000000006,178,4,1.6,0.11,0.33,0.1,0.02,2,55,3.7,0
420548059,420547027,0.315,0.846,0.315,-74.77354167,40.35423611111111,178,4,1.6,0.11,0.33,0.1,0.02,2,55,3.7,0
420547027,420548058,1.077,0.35,0.171,-74.78105769,40.35740384615384,178,4,1.6,0.11,0.33,0.1,0.02,2,55,3.7,0
420546824,420548057,46.39500000000001,0.628,0.184,-74.78505952,40.35764880952381,178,4,1.6,0.11,0.33,0.1,0.02,2,55,3.7,0
420547233,420547232,0.177,0.471,0.177,-74.77162037,40.35665123456791,178,4,1.6,0.11,0.33,0.1,0.02,2,55,3.7,0
420547232,420547027,0.591,0.354,0.099,-74.77752778,40.35713888888888,178,4,1.6,0.11,0.33,0.1,0.02,2,55,3.7,0
420545820,420547232,0.315,0.652,0.315,-74.77706597,40.36138888888888,178,4,1.6,0.11,0.33,0.1,0.02,2,55,3.7,0
420546823,420546824,0.375,0.117,0.014,-74.785,40.36,178,4,1.6,0.11,0.33,0.1,0.02,2,55,3.7,0
420545819,420546824,45.83600000000001,0.511,0.171,-74.78266026,40.36214743589744,178,4,1.6,0.11,0.33,0.1,0.02,2,55,3.7,0
420546219,420546823,0.249,0.542,0.249,-74.78947368,40.360877192982464,178,4,1.6,0.11,0.33,0.1,0.02,2,55,3.7,0
420545818,420546823,0.112,0.234,0.112,-74.78723039,40.36296568627451,178,4,1.6,0.11,0.33,0.1,0.02,2,55,3.7,0
420544963,420546418,0.138,0.467,0.138,-74.76295635,40.36462301587301,178,4,1.6,0.11,0.33,0.1,0.02,2,55,3.7,0
420545821,420545988,0.23,0.679,0.23,-74.7719881,40.36305952380953,178,4,1.6,0.11,0.33,0.1,0.02,2,55,3.7,0
420545380,420545819,44.69900000000001,0.234,0.059,-74.78513889,40.36513889,178,4,1.6,0.11,0.33,0.1,0.02,2,55,3.7,0
420544738,420545819,0.966,0.795,0.302,-74.77987319,40.366539855072446,178,4,1.6,0.11,0.33,0.1,0.02,2,55,3.7,0
420544364,420545604,0.295,0.633,0.295,-74.77034259,40.366972222222216,178,4,1.6,0.11,0.33,0.1,0.02,2,55,3.7,0
420543975,420545380,0.217,0.722,0.217,-74.7842803,40.36912879,178,4,1.6,0.11,0.33,0.1,0.02,2,55,3.7,0
420544962,420544738,0.086,0.117,0.086,-74.77496795,40.36637820512821,178,4,1.6,0.11,0.33,0.1,0.02,2,55,3.7,0
420544166,420544738,0.5780000000000001,0.35,0.145,-74.77575758,40.369772727272725,178,4,1.6,0.11,0.33,0.1,0.02,2,55,3.7,0
420543772,420544536,43.25300000000001,0.511,0.21,-74.78794271,40.371770833333336,178,4,1.6,0.11,0.33,0.1,0.02,2,55,3.7,0
420543557,420544166,0.125,0.071,0.125,-74.78006579,40.37125000000001,178,4,1.6,0.11,0.33,0.1,0.02,2,55,3.7,0
420542546,420544167,0.348,0.793,0.348,-74.7715173,40.37386006289308,178,4,1.6,0.11,0.33,0.1,0.02,2,55,3.7,0
420542132,420544166,0.308,0.628,0.308,-74.77557624,40.37511524822696,178,4,1.6,0.11,0.33,0.1,0.02,2,55,3.7,0
420541930,420543772,0.682,1.453,0.682,-74.78189103,40.37650641025642,178,4,1.6,0.11,0.33,0.1,0.02,2,55,3.7,0
420544732,420544361,0.551,1.167,0.551,-74.84174603,40.364494047619054,178,4,1.6,0.11,0.33,0.1,0.02,2,55,3.7,0
420545377,420545156,0.308,0.583,0.308,-74.83437057,40.36311170212767,178,4,1.6,0.11,0.33,0.1,0.02,2,55,3.7,0
420544731,420544165,0.053,0.259,0.053,-74.84708333,40.36781249999999,178,4,1.6,0.11,0.33,0.1,0.02,2,55,3.7,0
420544362,420543970,0.125,0.466,0.125,-74.83550439,40.36839912280701,178,4,1.6,0.11,0.33,0.1,0.02,2,55,3.7,0
420543770,420543147,0.775,0.72,0.164,-74.83262681,40.369945652173925,178,4,1.6,0.11,0.33,0.1,0.02,2,55,3.7,0
420544733,420544361,0.04,0.117,0.04,-74.83791667,40.367777777777775,178,4,1.6,0.11,0.33,0.1,0.02,2,55,3.7,0
420543768,420544165,0.335,0.679,0.335,-74.84909314,40.370661764705886,178,4,1.6,0.11,0.33,0.1,0.02,2,55,3.7,0
420544165,420543968,0.585,0.654,0.197,-74.84311111,40.36944444444447,178,4,1.6,0.11,0.33,0.1,0.02,2,55,3.7,0
420544361,420543969,0.6370000000000001,0.233,0.046,-74.8385119,40.36934523809523,178,4,1.6,0.11,0.33,0.1,0.02,2,55,3.7,0
420543968,420543969,0.939,0.142,0.033,-74.83958333,40.37125,178,4,1.6,0.11,0.33,0.1,0.02,2,55,3.7,0
420543969,420543970,1.5900000000000003,0.071,0.014,-74.83833333,40.37166666666667,178,4,1.6,0.11,0.33,0.1,0.02,2,55,3.7,0
420543970,420543769,1.7420000000000002,0.117,0.027,-74.8375,40.37104166666668,178,4,1.6,0.11,0.33,0.1,0.02,2,55,3.7,0
420542738,420543968,0.321,0.466,0.321,-74.8432568,40.374311224489794,178,4,1.6,0.11,0.33,0.1,0.02,2,55,3.7,0
420543769,420543344,1.8740000000000003,0.188,0.046,-74.83589286,40.37184523809525,178,4,1.6,0.11,0.33,0.1,0.02,2,55,3.7,0
420542933,420543769,0.086,0.117,0.086,-74.8388141,40.37439102564101,178,4,1.6,0.11,0.33,0.1,0.02,2,55,3.7,0
420543767,420543342,2.154,0.725,0.276,-74.86674603,40.37019841269842,178,4,1.6,0.11,0.33,0.1,0.02,2,55,3.7,0
420543555,420542931,0.099,0.302,0.099,-74.86019444,40.37175,178,4,1.6,0.11,0.33,0.1,0.02,2,55,3.7,0
420543146,420543342,0.105,0.259,0.105,-74.86598958,40.37432291666667,178,4,1.6,0.11,0.33,0.1,0.02,2,55,3.7,0
420543342,420542931,2.371,0.446,0.112,-74.86257353,40.37340686274511,178,4,1.6,0.11,0.33,0.1,0.02,2,55,3.7,0
420543343,420542931,0.099,0.233,0.099,-74.85708333,40.37319444444446,178,4,1.6,0.11,0.33,0.1,0.02,2,55,3.7,0
420541924,420542541,0.676,0.492,0.131,-74.86216667,40.37825,178,4,1.6,0.11,0.33,0.1,0.02,2,55,3.7,0
420541923,420541924,0.427,0.608,0.269,-74.86742886,40.37753048780488,178,4,1.6,0.11,0.33,0.1,0.02,2,55,3.7,0
420541318,420541924,0.118,0.535,0.118,-74.865,40.38092592592593,178,4,1.6,0.11,0.33,0.1,0.02,2,55,3.7,0
420542126,420541725,3.725,0.21,0.033,-74.85775,40.37841666666665,178,4,1.6,0.11,0.33,0.1,0.02,2,55,3.7,0
420541529,420541923,0.099,0.142,0.099,-74.87041667,40.38041666666666,178,4,1.6,0.11,0.33,0.1,0.02,2,55,3.7,0
420541724,420541725,0.046,0.117,0.046,-74.85994048,40.38017857142857,178,4,1.6,0.11,0.33,0.1,0.02,2,55,3.7,0
420541317,420541923,0.059,0.093,0.059,-74.86865741,40.381805555555566,178,4,1.6,0.11,0.33,0.1,0.02,2,55,3.7,0
420541725,420541319,3.798,0.117,0.027,-74.858125,40.380416666666655,178,4,1.6,0.11,0.33,0.1,0.02,2,55,3.7,0
420540917,420541319,0.519,0.608,0.151,-74.8603442,40.38273550724637,178,4,1.6,0.11,0.33,0.1,0.02,2,55,3.7,0
420540280,420540917,0.269,0.375,0.269,-74.8666565,40.38448170731707,178,4,1.6,0.11,0.33,0.1,0.02,2,55,3.7,0
420540075,420540917,0.099,0.443,0.099,-74.86236111,40.38580555555555,178,4,1.6,0.11,0.33,0.1,0.02,2,55,3.7,0
420545152,420544729,0.23,0.492,0.23,-74.87991667,40.364726190476176,178,4,1.6,0.11,0.33,0.1,0.02,2,55,3.7,0
420544729,420544535,0.945,0.864,0.341,-74.87282051,40.366762820512825,178,4,1.6,0.11,0.33,0.1,0.02,2,55,3.7,0
420543554,420544729,0.374,0.609,0.374,-74.88006579,40.37035819,178,4,1.6,0.11,0.33,0.1,0.02,2,55,3.7,0
420544535,420543767,1.3130000000000002,0.117,0.02,-74.87097222,40.36930555555555,178,4,1.6,0.11,0.33,0.1,0.02,2,55,3.7,0
420542737,420544535,0.348,0.75,0.348,-74.87617138,40.37274371069181,178,4,1.6,0.11,0.33,0.1,0.02,2,55,3.7,0
420543145,420543767,0.565,0.63,0.177,-74.87063272,40.37347222222221,178,4,1.6,0.11,0.33,0.1,0.02,2,55,3.7,0
420542540,420543145,0.145,0.213,0.145,-74.87526515,40.37549242424241,178,4,1.6,0.11,0.33,0.1,0.02,2,55,3.7,0
420541723,420543145,0.243,0.419,0.243,-74.87359234,40.37852477477477,178,4,1.6,0.11,0.33,0.1,0.02,2,55,3.7,0
420545159,420544737,0.125,0.35,0.125,-74.79256579,40.36502192982455,178,4,1.6,0.11,0.33,0.1,0.02,2,55,3.7,0
420544363,420544736,0.374,0.796,0.374,-74.80125,40.36777046783626,178,4,1.6,0.11,0.33,0.1,0.02,2,55,3.7,0
420544736,420544737,0.6950000000000001,0.542,0.19,-74.79399691,40.36726851851851,178,4,1.6,0.11,0.33,0.1,0.02,2,55,3.7,0
420544737,420544961,0.8340000000000001,0.117,0.014,-74.79,40.368333333333325,178,4,1.6,0.11,0.33,0.1,0.02,2,55,3.7,0
420544536,420544961,43.44400000000001,0.186,0.033,-74.78858333,40.36875,178,4,1.6,0.11,0.33,0.1,0.02,2,55,3.7,0
420543973,420544736,0.131,0.443,0.131,-74.79800926,40.37037037037038,178,4,1.6,0.11,0.33,0.1,0.02,2,55,3.7,0
420543974,420544536,0.158,0.537,0.158,-74.79326389,40.37052083333335,178,4,1.6,0.11,0.33,0.1,0.02,2,55,3.7,0
420541929,420540509,0.544,1.464,0.544,-74.80730422,40.37353916,178,4,1.6,0.11,0.33,0.1,0.02,2,55,3.7,0
420543149,420542341,0.19,0.559,0.19,-74.81291667,40.37285919540231,178,4,1.6,0.11,0.33,0.1,0.02,2,55,3.7,0
420543151,420543772,42.361,0.304,0.131,-74.79325,40.37345833333333,178,4,1.6,0.11,0.33,0.1,0.02,2,55,3.7,0
420542937,420542544,0.23,0.583,0.23,-74.80058333,40.37315476190477,178,4,1.6,0.11,0.33,0.1,0.02,2,55,3.7,0
420543150,420542343,0.079,0.28,0.079,-74.79652778,40.373750000000015,178,4,1.6,0.11,0.33,0.1,0.02,2,55,3.7,0
420542343,420543151,41.035,0.28,0.099,-74.79369444,40.37691666666667,178,4,1.6,0.11,0.33,0.1,0.02,2,55,3.7,0
420542740,420543151,1.195,0.468,0.092,-74.78988095,40.376011904761896,178,4,1.6,0.11,0.33,0.1,0.02,2,55,3.7,0
420542544,420542343,40.857000000000006,0.188,0.04,-74.79597222,40.37680555555556,178,4,1.6,0.11,0.33,0.1,0.02,2,55,3.7,0
420542341,420541532,1.214,0.188,0.066,-74.81658333,40.37708333333334,178,4,1.6,0.11,0.33,0.1,0.02,2,55,3.7,0
420542739,420542342,0.099,0.233,0.099,-74.80219444,40.37580555555556,178,4,1.6,0.11,0.33,0.1,0.02,2,55,3.7,0
420542342,420542544,40.403000000000006,0.329,0.092,-74.79892857,40.37732142857143,178,4,1.6,0.11,0.33,0.1,0.02,2,55,3.7,0
420540921,420542740,0.236,0.421,0.236,-74.79226852,40.381365740740726,178,4,1.6,0.11,0.33,0.1,0.02,2,55,3.7,0
420541324,420542544,0.184,0.326,0.184,-74.79651786,40.38038690476189,178,4,1.6,0.11,0.33,0.1,0.02,2,55,3.7,0
420541532,420541323,1.68,0.817,0.407,-74.81172043,40.37806451612903,178,4,1.6,0.11,0.33,0.1,0.02,2,55,3.7,0
420540078,420542342,40.212,0.652,0.387,-74.80246469,40.381772598870064,178,4,1.6,0.11,0.33,0.1,0.02,2,55,3.7,0
420541323,420540509,33.375,0.117,0.014,-74.81,40.38208333333333,178,4,1.6,0.11,0.33,0.1,0.02,2,55,3.7,0
420540509,420540078,34.142,0.517,0.223,-74.80605392,40.38257352941177,178,4,1.6,0.11,0.33,0.1,0.02,2,55,3.7,0
420540919,420541323,31.681,0.28,0.079,-74.80965278,40.38368055555554,178,4,1.6,0.11,0.33,0.1,0.02,2,55,3.7,0
420541726,420542740,0.808,0.584,0.23,-74.78782143,40.37979761904762,178,4,1.6,0.11,0.33,0.1,0.02,2,55,3.7,0
420544961,420545380,44.42300000000001,0.375,0.145,-74.78859848,40.36575757575756,178,4,1.6,0.11,0.33,0.1,0.02,2,55,3.7,0
420542545,420542740,0.059,0.304,0.059,-74.78671296,40.377175925925926,178,4,1.6,0.11,0.33,0.1,0.02,2,55,3.7,0
420542130,420541322,0.164,0.443,0.164,-74.82178333,40.37691666666666,178,4,1.6,0.11,0.33,0.1,0.02,2,55,3.7,0
420541322,420541114,5.2010000000000005,0.375,0.138,-74.82418651,40.38144841269842,178,4,1.6,0.11,0.33,0.1,0.02,2,55,3.7,0
420541114,420540918,5.425,0.35,0.145,-74.82083333,40.381553030303024,178,4,1.6,0.11,0.33,0.1,0.02,2,55,3.7,0
420541531,420540918,0.092,0.117,0.092,-74.81684524,40.38083333333335,178,4,1.6,0.11,0.33,0.1,0.02,2,55,3.7,0
420540918,420540508,5.569999999999999,0.35,0.053,-74.81875,40.383125,178,4,1.6,0.11,0.33,0.1,0.02,2,55,3.7,0
420539884,420540508,15.024,0.468,0.158,-74.81892361,40.38656250000001,178,4,1.6,0.11,0.33,0.1,0.02,2,55,3.7,0
420540077,420539883,14.411,0.679,0.243,-74.82393018,40.38631756756757,178,4,1.6,0.11,0.33,0.1,0.02,2,55,3.7,0
420538810,420540285,8.651,0.861,0.256,-74.81597222,40.39095085470085,178,4,1.6,0.11,0.33,0.1,0.02,2,55,3.7,0
420539883,420539884,14.774,0.071,0.014,-74.82083333,40.38833333333334,178,4,1.6,0.11,0.33,0.1,0.02,2,55,3.7,0
420539252,420539883,0.349,0.397,0.112,-74.82313889,40.38980555555554,178,4,1.6,0.11,0.33,0.1,0.02,2,55,3.7,0
420538809,420539884,0.092,0.442,0.092,-74.81982143,40.39089285714285,178,4,1.6,0.11,0.33,0.1,0.02,2,55,3.7,0
420539024,420539882,0.053,0.117,0.053,-74.82625,40.39062500000001,178,4,1.6,0.11,0.33,0.1,0.02,2,55,3.7,0
420538808,420539251,12.553,0.233,0.073,-74.83125,40.39147727272726,178,4,1.6,0.11,0.33,0.1,0.02,2,55,3.7,0
420538384,420539252,0.073,0.28,0.073,-74.82473485,40.39261363636364,178,4,1.6,0.11,0.33,0.1,0.02,2,55,3.7,0
420537774,420539252,0.164,0.395,0.164,-74.82275,40.39415,178,4,1.6,0.11,0.33,0.1,0.02,2,55,3.7,0
420537159,420539251,0.308,0.559,0.308,-74.82724291,40.39557624113475,178,4,1.6,0.11,0.33,0.1,0.02,2,55,3.7,0
420537158,420538808,0.131,0.559,0.131,-74.83,40.396375,178,4,1.6,0.11,0.33,0.1,0.02,2,55,3.7,0
420537373,420538810,0.486,0.654,0.223,-74.8192402,40.39575980392156,178,4,1.6,0.11,0.33,0.1,0.02,2,55,3.7,0
420534928,420537374,0.662,1.302,0.662,-74.81337871,40.40323019801979,178,4,1.6,0.11,0.33,0.1,0.02,2,55,3.7,0
420536363,420537373,0.151,0.35,0.151,-74.82266304,40.39994565217392,178,4,1.6,0.11,0.33,0.1,0.02,2,55,3.7,0
420536553,420537373,0.112,0.302,0.112,-74.81987745,40.40031862745098,178,4,1.6,0.11,0.33,0.1,0.02,2,55,3.7,0
420535137,420536551,0.21,0.535,0.21,-74.83125,40.405130208333325,178,4,1.6,0.11,0.33,0.1,0.02,2,55,3.7,0
420534720,420535732,0.099,0.21,0.099,-74.82769444,40.40752777777777,178,4,1.6,0.11,0.33,0.1,0.02,2,55,3.7,0
420534927,420535732,1.327,0.421,0.184,-74.8241369,40.40675595238096,178,4,1.6,0.11,0.33,0.1,0.02,2,55,3.7,0
420535534,420535138,0.118,0.326,0.118,-74.81930556,40.40430555555556,178,4,1.6,0.11,0.33,0.1,0.02,2,55,3.7,0
420535138,420534927,0.999,0.142,0.04,-74.82055556,40.40694444444444,178,4,1.6,0.11,0.33,0.1,0.02,2,55,3.7,0
420533895,420535138,0.841,0.304,0.249,-74.81848684,40.41015350877194,178,4,1.6,0.11,0.33,0.1,0.02,2,55,3.7,0
420534113,420534927,0.144,0.395,0.144,-74.82272727,40.41026515151515,178,4,1.6,0.11,0.33,0.1,0.02,2,55,3.7,0
420534520,420533895,0.027,0.117,0.027,-74.81958333,40.40979166666667,178,4,1.6,0.11,0.33,0.1,0.02,2,55,3.7,0
420533705,420533895,0.565,0.562,0.321,-74.81453231,40.40956632653062,178,4,1.6,0.11,0.33,0.1,0.02,2,55,3.7,0
420542131,420541114,0.079,0.117,0.079,-74.81930556,40.37861111111112,178,4,1.6,0.11,0.33,0.1,0.02,2,55,3.7,0
420542935,420542341,0.958,0.233,0.066,-74.81783333,40.37499999999999,178,4,1.6,0.11,0.33,0.1,0.02,2,55,3.7,0
420542936,420541532,0.059,0.117,0.059,-74.81217593,40.37560185185185,178,4,1.6,0.11,0.33,0.1,0.02,2,55,3.7,0
420540508,420540919,29.672,0.587,0.236,-74.8143287,40.3837037,178,4,1.6,0.11,0.33,0.1,0.02,2,55,3.7,0
420543347,420542935,0.446,0.863,0.446,-74.82219363,40.369350490196105,178,4,1.6,0.11,0.33,0.1,0.02,2,55,3.7,0
420543556,420542935,0.446,0.186,0.053,-74.8171875,40.37302083333334,178,4,1.6,0.11,0.33,0.1,0.02,2,55,3.7,0
420543971,420543556,0.131,0.466,0.131,-74.81875,40.36920833333333,178,4,1.6,0.11,0.33,0.1,0.02,2,55,3.7,0
420543972,420543556,0.262,0.466,0.262,-74.81495833,40.36939583333333,178,4,1.6,0.11,0.33,0.1,0.02,2,55,3.7,0
420540507,420540284,0.918,0.259,0.059,-74.83017857,40.38529761904763,178,4,1.6,0.11,0.33,0.1,0.02,2,55,3.7,0
420542542,420542543,4.354000000000001,0.375,0.105,-74.82895833,40.37619791666668,178,4,1.6,0.11,0.33,0.1,0.02,2,55,3.7,0
420541321,420541928,0.269,0.725,0.269,-74.82994658,40.38001068376068,178,4,1.6,0.11,0.33,0.1,0.02,2,55,3.7,0
420543344,420543147,2.9200000000000004,0.188,0.053,-74.834375,40.37291666666667,178,4,1.6,0.11,0.33,0.1,0.02,2,55,3.7,0
420541927,420543344,0.993,0.979,0.282,-74.83820736,40.37710271317829,178,4,1.6,0.11,0.33,0.1,0.02,2,55,3.7,0
420543147,420543148,3.741000000000001,0.188,0.046,-74.83279762,40.37410714285714,178,4,1.6,0.11,0.33,0.1,0.02,2,55,3.7,0
420543148,420543345,3.9060000000000006,0.117,0.027,-74.83166667,40.37437500000001,178,4,1.6,0.11,0.33,0.1,0.02,2,55,3.7,0
420543345,420542542,4.176,0.21,0.053,-74.82947917,40.37343750000001,178,4,1.6,0.11,0.33,0.1,0.02,2,55,3.7,0
420542934,420542543,0.138,0.419,0.138,-74.82478175,40.37367063492064,178,4,1.6,0.11,0.33,0.1,0.02,2,55,3.7,0
420543346,420542542,0.073,0.117,0.073,-74.82685606,40.37306818181817,178,4,1.6,0.11,0.33,0.1,0.02,2,55,3.7,0
420542129,420543148,0.138,0.419,0.138,-74.83418651,40.37791666666666,178,4,1.6,0.11,0.33,0.1,0.02,2,55,3.7,0
420542543,420541928,4.571000000000001,0.233,0.079,-74.82572917,40.37729166666667,178,4,1.6,0.11,0.33,0.1,0.02,2,55,3.7,0
420541925,420541926,0.474,0.701,0.204,-74.84555108,40.37848118279569,178,4,1.6,0.11,0.33,0.1,0.02,2,55,3.7,0
420541928,420541322,4.899000000000001,0.233,0.059,-74.82606481,40.37912037037037,178,4,1.6,0.11,0.33,0.1,0.02,2,55,3.7,0
420541926,420541927,0.6779999999999999,0.071,0.014,-74.8425,40.38,178,4,1.6,0.11,0.33,0.1,0.02,2,55,3.7,0
420541530,420541927,0.033,0.233,0.033,-74.84141667,40.38141666666668,178,4,1.6,0.11,0.33,0.1,0.02,2,55,3.7,0
420541320,420541926,0.19,0.562,0.19,-74.84679598,40.38130747126437,178,4,1.6,0.11,0.33,0.1,0.02,2,55,3.7,0
420540506,420539880,0.413,0.937,0.413,-74.83925265,40.38311507936508,178,4,1.6,0.11,0.33,0.1,0.02,2,55,3.7,0
420540715,420540284,0.105,0.326,0.105,-74.83,40.38273809523812,178,4,1.6,0.11,0.33,0.1,0.02,2,55,3.7,0
420539880,420540507,0.78,0.375,0.262,-74.83385417,40.3845,178,4,1.6,0.11,0.33,0.1,0.02,2,55,3.7,0
420540076,420539880,0.105,0.213,0.105,-74.83697917,40.38640625,178,4,1.6,0.11,0.33,0.1,0.02,2,55,3.7,0
420539881,420540507,0.079,0.117,0.079,-74.83215278,40.38763888888888,178,4,1.6,0.11,0.33,0.1,0.02,2,55,3.7,0
420536148,420536149,0.347,0.982,0.347,-74.85596698,40.39992924528302,178,4,1.6,0.11,0.33,0.1,0.02,2,55,3.7,0
420536765,420536549,1.5299999999999998,0.117,0.027,-74.84625,40.400208333333325,178,4,1.6,0.11,0.33,0.1,0.02,2,55,3.7,0
420536149,420536765,0.919,0.491,0.184,-74.84994048,40.40127976190476,178,4,1.6,0.11,0.33,0.1,0.02,2,55,3.7,0
420534719,420536549,0.321,0.696,0.321,-74.84686224,40.40596088435375,178,4,1.6,0.11,0.33,0.1,0.02,2,55,3.7,0
420535930,420536149,0.388,0.117,0.014,-74.85125,40.40416666666667,178,4,1.6,0.11,0.33,0.1,0.02,2,55,3.7,0
420535531,420535930,0.243,0.679,0.243,-74.85591216,40.40447072072071,178,4,1.6,0.11,0.33,0.1,0.02,2,55,3.7,0
420534926,420535930,0.131,0.21,0.131,-74.85120833,40.40666666666667,178,4,1.6,0.11,0.33,0.1,0.02,2,55,3.7,0
420537156,420537157,0.289,0.491,0.289,-74.85327652,40.39689393939394,178,4,1.6,0.11,0.33,0.1,0.02,2,55,3.7,0
420537157,420536765,0.584,0.35,0.105,-74.8475,40.39786458333333,178,4,1.6,0.11,0.33,0.1,0.02,2,55,3.7,0
420537773,420537157,0.19,0.442,0.19,-74.85021552,40.394497126436775,178,4,1.6,0.11,0.33,0.1,0.02,2,55,3.7,0
420538573,420539664,0.21,0.583,0.21,-74.85440104,40.39101562499999,178,4,1.6,0.11,0.33,0.1,0.02,2,55,3.7,0
420539247,420540713,0.328,0.188,0.328,-74.85771667,40.388366666666656,178,4,1.6,0.11,0.33,0.1,0.02,2,55,3.7,0
420539248,420539664,0.073,0.21,0.073,-74.85132576,40.38988636363636,178,4,1.6,0.11,0.33,0.1,0.02,2,55,3.7,0
420539442,420539249,5.776000000000001,0.375,0.184,-74.84782738,40.38702380952382,178,4,1.6,0.11,0.33,0.1,0.02,2,55,3.7,0
420539664,420540282,0.349,0.326,0.066,-74.8515,40.3875,178,4,1.6,0.11,0.33,0.1,0.02,2,55,3.7,0
420540281,420540505,0.118,0.304,0.118,-74.85902778,40.38578703703703,178,4,1.6,0.11,0.33,0.1,0.02,2,55,3.7,0
420540282,420539442,5.546,0.304,0.125,-74.85037281,40.38418859649124,178,4,1.6,0.11,0.33,0.1,0.02,2,55,3.7,0
420540505,420540713,4.73,0.375,0.236,-74.85405093,40.382615740740725,178,4,1.6,0.11,0.33,0.1,0.02,2,55,3.7,0
420540713,420540282,5.072,0.071,0.014,-74.8525,40.38499999999999,178,4,1.6,0.11,0.33,0.1,0.02,2,55,3.7,0
420540714,420539442,0.046,0.186,0.046,-74.84839286,40.38422619047618,178,4,1.6,0.11,0.33,0.1,0.02,2,55,3.7,0
420541319,420540505,4.376,0.233,0.059,-74.85671296,40.38143518518519,178,4,1.6,0.11,0.33,0.1,0.02,2,55,3.7,0
420542127,420542126,0.269,0.606,0.269,-74.85397358,40.37616869918699,178,4,1.6,0.11,0.33,0.1,0.02,2,55,3.7,0
420542128,420541925,0.145,0.284,0.145,-74.85041667,40.37761363636363,178,4,1.6,0.11,0.33,0.1,0.02,2,55,3.7,0
420542541,420542126,3.423,0.233,0.099,-74.85975,40.37658333333332,178,4,1.6,0.11,0.33,0.1,0.02,2,55,3.7,0
420542931,420542541,2.648,0.302,0.079,-74.858125,40.37534722222224,178,4,1.6,0.11,0.33,0.1,0.02,2,55,3.7,0
420542932,420541925,0.125,0.397,0.125,-74.84932018,40.37462719298246,178,4,1.6,0.11,0.33,0.1,0.02,2,55,3.7,0
420540717,420541726,0.414,0.373,0.118,-74.78361111,40.38236111111111,178,4,1.6,0.11,0.33,0.1,0.02,2,55,3.7,0
420540716,420541726,0.164,0.466,0.164,-74.78825,40.383350000000014,178,4,1.6,0.11,0.33,0.1,0.02,2,55,3.7,0
420540079,420540717,0.158,0.35,0.158,-74.78621528,40.38572916666668,178,4,1.6,0.11,0.33,0.1,0.02,2,55,3.7,0
420539886,420540717,0.138,0.326,0.138,-74.78311508,40.386408730158735,178,4,1.6,0.11,0.33,0.1,0.02,2,55,3.7,0
420538578,420539026,2.974,0.375,0.177,-74.78770062,40.391033950617285,178,4,1.6,0.11,0.33,0.1,0.02,2,55,3.7,0
420538811,420538578,0.079,0.188,0.079,-74.78541667,40.39159722222222,178,4,1.6,0.11,0.33,0.1,0.02,2,55,3.7,0
420538160,420538578,2.718,0.21,0.053,-74.78895833,40.39479166666669,178,4,1.6,0.11,0.33,0.1,0.02,2,55,3.7,0
420537982,420538160,2.429,0.258,0.066,-74.78516667,40.39525,178,4,1.6,0.11,0.33,0.1,0.02,2,55,3.7,0
420538387,420537982,0.112,0.117,0.112,-74.78311275,40.39262255,178,4,1.6,0.11,0.33,0.1,0.02,2,55,3.7,0
420536556,420538160,0.236,0.395,0.236,-74.78678241,40.398842592592594,178,4,1.6,0.11,0.33,0.1,0.02,2,55,3.7,0
420537375,420537982,2.251,0.304,0.164,-74.78231667,40.39601666666666,178,4,1.6,0.11,0.33,0.1,0.02,2,55,3.7,0
420537777,420537375,0.105,0.188,0.105,-74.77890625,40.39552083333334,178,4,1.6,0.11,0.33,0.1,0.02,2,55,3.7,0
420536151,420537375,1.982,0.233,0.158,-74.78104167,40.40065972222223,178,4,1.6,0.11,0.33,0.1,0.02,2,55,3.7,0
420540510,420540078,5.683000000000002,0.35,0.092,-74.80113095,40.38482142857143,178,4,1.6,0.11,0.33,0.1,0.02,2,55,3.7,0
420539444,420540919,1.93,0.583,0.184,-74.80988095,40.386904761904766,178,4,1.6,0.11,0.33,0.1,0.02,2,55,3.7,0
420540920,420540510,0.059,0.117,0.059,-74.79856481,40.38356481481482,178,4,1.6,0.11,0.33,0.1,0.02,2,55,3.7,0
420540286,420540510,5.532000000000002,0.188,0.138,-74.79664683,40.38478174603175,178,4,1.6,0.11,0.33,0.1,0.02,2,55,3.7,0
420540285,420540508,8.841999999999999,0.117,0.014,-74.815,40.38666666666667,178,4,1.6,0.11,0.33,0.1,0.02,2,55,3.7,0
420539445,420540286,0.092,0.304,0.092,-74.80095238,40.38827380952381,178,4,1.6,0.11,0.33,0.1,0.02,2,55,3.7,0
420539665,420540286,5.302000000000001,0.421,0.23,-74.79627381,40.38772619,178,4,1.6,0.11,0.33,0.1,0.02,2,55,3.7,0
420539025,420540285,0.177,0.513,0.177,-74.81282407,40.38924382716049,178,4,1.6,0.11,0.33,0.1,0.02,2,55,3.7,0
420539885,420539446,0.118,0.304,0.118,-74.79097222,40.38726851851853,178,4,1.6,0.11,0.33,0.1,0.02,2,55,3.7,0
420538575,420539444,1.556,0.7,0.321,-74.80497449,40.390450680272096,178,4,1.6,0.11,0.33,0.1,0.02,2,55,3.7,0
420538385,420539444,0.19,0.559,0.19,-74.80923851,40.39193965517239,178,4,1.6,0.11,0.33,0.1,0.02,2,55,3.7,0
420539446,420539665,4.941000000000001,0.188,0.053,-74.79416667,40.389444444444415,178,4,1.6,0.11,0.33,0.1,0.02,2,55,3.7,0
420538576,420539665,0.131,0.21,0.131,-74.797125,40.391375,178,4,1.6,0.11,0.33,0.1,0.02,2,55,3.7,0
420539253,420539446,4.7700000000000005,0.117,0.014,-74.79333333,40.38999999999998,178,4,1.6,0.11,0.33,0.1,0.02,2,55,3.7,0
420539026,420539253,4.6770000000000005,0.188,0.099,-74.79025,40.38986111111112,178,4,1.6,0.11,0.33,0.1,0.02,2,55,3.7,0
420538577,420539253,0.079,0.093,0.079,-74.79423611,40.39249999999999,178,4,1.6,0.11,0.33,0.1,0.02,2,55,3.7,0
420536966,420539026,1.604,1.117,0.269,-74.79110772,40.39602642276423,178,4,1.6,0.11,0.33,0.1,0.02,2,55,3.7,0
420537775,420538575,0.158,0.304,0.158,-74.80590278,40.39513888888889,178,4,1.6,0.11,0.33,0.1,0.02,2,55,3.7,0
420538386,420538575,1.077,0.233,0.073,-74.80125,40.39306818181818,178,4,1.6,0.11,0.33,0.1,0.02,2,55,3.7,0
420537374,420538810,7.908999999999999,0.442,0.164,-74.81468333,40.39524999999999,178,4,1.6,0.11,0.33,0.1,0.02,2,55,3.7,0
420536767,420538386,0.951,0.117,0.171,-74.79929487,40.39708333333333,178,4,1.6,0.11,0.33,0.1,0.02,2,55,3.7,0
420537776,420538386,0.053,0.117,0.053,-74.80333333,40.395625,178,4,1.6,0.11,0.33,0.1,0.02,2,55,3.7,0
420536554,420536767,0.223,0.744,0.223,-74.80193627,40.39879901960785,178,4,1.6,0.11,0.33,0.1,0.02,2,55,3.7,0
420535734,420536767,0.557,1.517,0.557,-74.79539706,40.399044117647065,178,4,1.6,0.11,0.33,0.1,0.02,2,55,3.7,0
420537160,420537374,7.082999999999999,0.562,0.256,-74.81095721,40.39751126126127,178,4,1.6,0.11,0.33,0.1,0.02,2,55,3.7,0
420536365,420537160,6.721999999999999,0.491,0.171,-74.80599359,40.40032051282053,178,4,1.6,0.11,0.33,0.1,0.02,2,55,3.7,0
420536364,420537160,0.105,0.302,0.105,-74.80942708,40.40140625000001,178,4,1.6,0.11,0.33,0.1,0.02,2,55,3.7,0
420536555,420536966,0.027,0.304,0.027,-74.79145833,40.40083333333335,178,4,1.6,0.11,0.33,0.1,0.02,2,55,3.7,0
420535733,420536365,0.105,0.21,0.105,-74.80692708,40.40395833333334,178,4,1.6,0.11,0.33,0.1,0.02,2,55,3.7,0
420535932,420536365,6.445999999999999,0.421,0.112,-74.80223039,40.40281862745098,178,4,1.6,0.11,0.33,0.1,0.02,2,55,3.7,0
420534929,420535932,0.236,0.446,0.236,-74.804375,40.406296296296304,178,4,1.6,0.11,0.33,0.1,0.02,2,55,3.7,0
420535139,420535932,6.097999999999999,0.653,0.295,-74.79832364,40.405474806201525,178,4,1.6,0.11,0.33,0.1,0.02,2,55,3.7,0
420534930,420535735,0.125,0.233,0.125,-74.79282895,40.40682018,178,4,1.6,0.11,0.33,0.1,0.02,2,55,3.7,0
420540284,420540077,1.109,0.233,0.086,-74.82714744,40.38548076923075,178,4,1.6,0.11,0.33,0.1,0.02,2,55,3.7,0
420540283,420539249,0.079,0.21,0.079,-74.84444444,40.38569444444444,178,4,1.6,0.11,0.33,0.1,0.02,2,55,3.7,0
420539882,420540077,13.059,0.117,0.007,-74.82708333,40.38875,178,4,1.6,0.11,0.33,0.1,0.02,2,55,3.7,0
420539249,420539250,6.091,0.491,0.236,-74.84467593,40.38923611,178,4,1.6,0.11,0.33,0.1,0.02,2,55,3.7,0
420539251,420539882,12.999,0.304,0.138,-74.82922619,40.38938492063492,178,4,1.6,0.11,0.33,0.1,0.02,2,55,3.7,0
420539443,420539250,0.125,0.21,0.125,-74.83993421,40.38831140350877,178,4,1.6,0.11,0.33,0.1,0.02,2,55,3.7,0
420539250,420538574,6.243,0.117,0.027,-74.84166667,40.39041666666667,178,4,1.6,0.11,0.33,0.1,0.02,2,55,3.7,0
420538574,420538159,6.8,0.633,0.236,-74.83784722,40.39180555555555,178,4,1.6,0.11,0.33,0.1,0.02,2,55,3.7,0
420537980,420538574,0.321,0.562,0.321,-74.84492347,40.39334184,178,4,1.6,0.11,0.33,0.1,0.02,2,55,3.7,0
420538159,420538808,12.349,0.375,0.177,-74.83365741,40.39229938271606,178,4,1.6,0.11,0.33,0.1,0.02,2,55,3.7,0
420537981,420538159,5.372,0.186,0.033,-74.83441667,40.395416666666655,178,4,1.6,0.11,0.33,0.1,0.02,2,55,3.7,0
420537559,420537981,2.84,0.446,0.158,-74.83788194,40.39604166666665,178,4,1.6,0.11,0.33,0.1,0.02,2,55,3.7,0
420537372,420537981,2.499,0.302,0.092,-74.83392857,40.39738095238096,178,4,1.6,0.11,0.33,0.1,0.02,2,55,3.7,0
420537371,420537559,2.57,0.188,0.04,-74.84083333,40.396805555555545,178,4,1.6,0.11,0.33,0.1,0.02,2,55,3.7,0
420537558,420537371,0.092,0.188,0.092,-74.8427381,40.39660714285716,178,4,1.6,0.11,0.33,0.1,0.02,2,55,3.7,0
420536362,420537559,0.112,0.419,0.112,-74.83757353,40.40017156862746,178,4,1.6,0.11,0.33,0.1,0.02,2,55,3.7,0
420536965,420537371,2.438,0.21,0.053,-74.84114583,40.399375,178,4,1.6,0.11,0.33,0.1,0.02,2,55,3.7,0
420536551,420537372,2.138,0.466,0.164,-74.83138333,40.39995000000001,178,4,1.6,0.11,0.33,0.1,0.02,2,55,3.7,0
420535341,420537372,0.269,0.86,0.269,-74.83505081,40.402997967479685,178,4,1.6,0.11,0.33,0.1,0.02,2,55,3.7,0
420536964,420536766,0.066,0.188,0.066,-74.8445,40.39849999999999,178,4,1.6,0.11,0.33,0.1,0.02,2,55,3.7,0
420536766,420536965,2.188,0.117,0.033,-74.84241667,40.40024999999999,178,4,1.6,0.11,0.33,0.1,0.02,2,55,3.7,0
420535340,420536965,0.197,0.768,0.197,-74.83911111,40.40369444444445,178,4,1.6,0.11,0.33,0.1,0.02,2,55,3.7,0
420536550,420536766,2.0889999999999995,0.117,0.014,-74.84416667,40.40083333333335,178,4,1.6,0.11,0.33,0.1,0.02,2,55,3.7,0
420536549,420536550,1.904,0.213,0.053,-74.845,40.401250000000005,178,4,1.6,0.11,0.33,0.1,0.02,2,55,3.7,0
420535533,420536551,1.7639999999999998,0.375,0.158,-74.82809028,40.40267361111114,178,4,1.6,0.11,0.33,0.1,0.02,2,55,3.7,0
420535532,420536550,0.171,0.302,0.171,-74.84259615,40.40458333333335,178,4,1.6,0.11,0.33,0.1,0.02,2,55,3.7,0
420536552,420535533,0.066,0.117,0.066,-74.82525,40.400916666666674,178,4,1.6,0.11,0.33,0.1,0.02,2,55,3.7,0
420535931,420535533,1.5399999999999998,0.117,0.027,-74.82625,40.403958333333335,178,4,1.6,0.11,0.33,0.1,0.02,2,55,3.7,0
420536150,420535931,0.014,0.071,0.014,-74.825,40.403333333333336,178,4,1.6,0.11,0.33,0.1,0.02,2,55,3.7,0
420535732,420535931,1.499,0.117,0.073,-74.82382576,40.40367424242425,178,4,1.6,0.11,0.33,0.1,0.02,2,55,3.7,0
420537162,420537161,0.092,0.188,0.092,-74.77541667,40.39785714285714,178,4,1.6,0.11,0.33,0.1,0.02,2,55,3.7,0
420536967,420536151,1.725,0.188,0.066,-74.77816667,40.39783333333334,178,4,1.6,0.11,0.33,0.1,0.02,2,55,3.7,0
420536367,420536151,0.099,0.304,0.099,-74.78313889,40.40091666666668,178,4,1.6,0.11,0.33,0.1,0.02,2,55,3.7,0
420537161,420536967,1.58,0.071,0.014,-74.7775,40.39916666666666,178,4,1.6,0.11,0.33,0.1,0.02,2,55,3.7,0
420536768,420537161,1.474,0.117,0.027,-74.77708333,40.40062499999999,178,4,1.6,0.11,0.33,0.1,0.02,2,55,3.7,0
420535933,420536967,0.079,0.186,0.079,-74.77944444,40.402638888888895,178,4,1.6,0.11,0.33,0.1,0.02,2,55,3.7,0
420536366,420536966,1.3079999999999998,0.326,0.079,-74.78986111,40.40145833333333,178,4,1.6,0.11,0.33,0.1,0.02,2,55,3.7,0
420536557,420536768,1.368,0.188,0.066,-74.77611111,40.401527777777794,178,4,1.6,0.11,0.33,0.1,0.02,2,55,3.7,0
420535736,420536768,0.079,0.233,0.079,-74.778125,40.40368055555555,178,4,1.6,0.11,0.33,0.1,0.02,2,55,3.7,0
420536769,420536557,0.04,0.071,0.04,-74.77333333,40.399722222222216,178,4,1.6,0.11,0.33,0.1,0.02,2,55,3.7,0
420535737,420536557,1.262,0.233,0.125,-74.77467105,40.40282894736843,178,4,1.6,0.11,0.33,0.1,0.02,2,55,3.7,0
420536558,420535737,0.151,0.188,0.151,-74.77023551,40.40106884,178,4,1.6,0.11,0.33,0.1,0.02,2,55,3.7,0
420535735,420536366,0.8949999999999999,0.35,0.086,-74.79041667,40.403942307692304,178,4,1.6,0.11,0.33,0.1,0.02,2,55,3.7,0
420534522,420536366,0.334,0.866,0.334,-74.78396242,40.405678104575145,178,4,1.6,0.11,0.33,0.1,0.02,2,55,3.7,0
420535934,420535737,0.986,0.117,0.027,-74.77270833,40.40375,178,4,1.6,0.11,0.33,0.1,0.02,2,55,3.7,0
420534933,420535738,0.308,0.516,0.308,-74.76800532,40.40454787234044,178,4,1.6,0.11,0.33,0.1,0.02,2,55,3.7,0
420535738,420535934,0.651,0.117,0.04,-74.77138889,40.404027777777785,178,4,1.6,0.11,0.33,0.1,0.02,2,55,3.7,0
420534299,420535934,0.308,0.863,0.308,-74.77784259,40.40793519,178,4,1.6,0.11,0.33,0.1,0.02,2,55,3.7,0
420535535,420535735,0.6839999999999999,0.093,0.014,-74.79083333,40.40583333333333,178,4,1.6,0.11,0.33,0.1,0.02,2,55,3.7,0
420535141,420535738,0.303,0.326,0.059,-74.77180556,40.40671296296297,178,4,1.6,0.11,0.33,0.1,0.02,2,55,3.7,0
420534931,420535535,0.486,0.421,0.125,-74.78752193,40.406776315789465,178,4,1.6,0.11,0.33,0.1,0.02,2,55,3.7,0
420533901,420535535,0.184,0.696,0.184,-74.78916667,40.41005952380954,178,4,1.6,0.11,0.33,0.1,0.02,2,55,3.7,0
420535140,420535141,0.033,0.071,0.033,-74.77408333,40.40758333333333,178,4,1.6,0.11,0.33,0.1,0.02,2,55,3.7,0
420534523,420535141,0.211,0.326,0.079,-74.77145833,40.40951388888888,178,4,1.6,0.11,0.33,0.1,0.02,2,55,3.7,0
420534932,420534931,0.073,0.35,0.073,-74.78435606,40.40882575757576,178,4,1.6,0.11,0.33,0.1,0.02,2,55,3.7,0
420533111,420534931,0.288,0.535,0.288,-74.78422348,40.4124053,178,4,1.6,0.11,0.33,0.1,0.02,2,55,3.7,0
420534301,420534523,0.02,0.093,0.02,-74.77236111,40.41097222222221,178,4,1.6,0.11,0.33,0.1,0.02,2,55,3.7,0
420534300,420534523,0.112,0.375,0.112,-74.77492647,40.41007352941176,178,4,1.6,0.11,0.33,0.1,0.02,2,55,3.7,0
420534521,420535139,2.267,0.21,0.059,-74.79847222,40.40976851851851,178,4,1.6,0.11,0.33,0.1,0.02,2,55,3.7,0
420533899,420535139,3.535999999999999,0.537,0.164,-74.79505,40.41025,178,4,1.6,0.11,0.33,0.1,0.02,2,55,3.7,0
420534721,420534521,0.053,0.117,0.053,-74.80104167,40.40875,178,4,1.6,0.11,0.33,0.1,0.02,2,55,3.7,0
420533898,420534521,2.155,0.302,0.092,-74.79904762,40.41148809523808,178,4,1.6,0.11,0.33,0.1,0.02,2,55,3.7,0
420534298,420533899,0.046,0.071,0.046,-74.79196429,40.41029761904762,178,4,1.6,0.11,0.33,0.1,0.02,2,55,3.7,0
420533900,420533899,3.325999999999999,0.117,0.027,-74.79270833,40.41208333333332,178,4,1.6,0.11,0.33,0.1,0.02,2,55,3.7,0
420533109,420533705,0.158,0.233,0.158,-74.81253472,40.41423611111112,178,4,1.6,0.11,0.33,0.1,0.02,2,55,3.7,0
420533706,420533707,0.19,0.562,0.19,-74.80739943,40.41176724137932,178,4,1.6,0.11,0.33,0.1,0.02,2,55,3.7,0
420533897,420533288,0.118,0.326,0.118,-74.80467593,40.41004629629629,178,4,1.6,0.11,0.33,0.1,0.02,2,55,3.7,0
420533289,420533900,0.059,0.093,0.059,-74.79375,40.41449074074074,178,4,1.6,0.11,0.33,0.1,0.02,2,55,3.7,0
420533492,420533898,1.755,0.233,0.086,-74.80214744,40.41189102564102,178,4,1.6,0.11,0.33,0.1,0.02,2,55,3.7,0
420532897,420533900,3.24,0.583,0.315,-74.79043403,40.41586805555556,178,4,1.6,0.11,0.33,0.1,0.02,2,55,3.7,0
420532309,420533898,0.308,0.698,0.308,-74.79612589,40.41587765957448,178,4,1.6,0.11,0.33,0.1,0.02,2,55,3.7,0
420533288,420533492,0.6900000000000001,0.142,0.04,-74.80291667,40.41416666666667,178,4,1.6,0.11,0.33,0.1,0.02,2,55,3.7,0
420533707,420533288,0.532,0.071,0.014,-74.80416667,40.41375000000001,178,4,1.6,0.11,0.33,0.1,0.02,2,55,3.7,0
420533110,420533492,0.979,0.186,0.04,-74.801875,40.41562499999999,178,4,1.6,0.11,0.33,0.1,0.02,2,55,3.7,0
420532308,420533707,0.328,0.537,0.328,-74.80765,40.416700000000006,178,4,1.6,0.11,0.33,0.1,0.02,2,55,3.7,0
420532112,420533110,0.125,0.21,0.125,-74.80405702,40.41844298245613,178,4,1.6,0.11,0.33,0.1,0.02,2,55,3.7,0
420532527,420533110,0.814,0.326,0.086,-74.79983974,40.41714743589745,178,4,1.6,0.11,0.33,0.1,0.02,2,55,3.7,0
420531685,420532527,0.125,0.35,0.125,-74.80195175,40.42054824561404,178,4,1.6,0.11,0.33,0.1,0.02,2,55,3.7,0
420530479,420532527,0.603,1.074,0.603,-74.79499094,40.422454710144926,178,4,1.6,0.11,0.33,0.1,0.02,2,55,3.7,0
420533896,420533705,0.086,0.213,0.086,-74.81054487,40.41112179487181,178,4,1.6,0.11,0.33,0.1,0.02,2,55,3.7,0
420533290,420532897,0.072,0.233,0.072,-74.78662879,40.41450757575759,178,4,1.6,0.11,0.33,0.1,0.02,2,55,3.7,0
420532310,420532897,2.853,0.326,0.079,-74.78777778,40.41833333333333,178,4,1.6,0.11,0.33,0.1,0.02,2,55,3.7,0
420532311,420532310,0.164,0.258,0.164,-74.78408333,40.41788333333334,178,4,1.6,0.11,0.33,0.1,0.02,2,55,3.7,0
420531686,420532310,2.6099999999999994,0.326,0.151,-74.78719203,40.42096014492751,178,4,1.6,0.11,0.33,0.1,0.02,2,55,3.7,0
420531492,420531686,2.177,0.117,0.02,-74.78430556,40.42125000000002,178,4,1.6,0.11,0.33,0.1,0.02,2,55,3.7,0
420530053,420531686,0.282,0.839,0.282,-74.78869186,40.42568798449612,178,4,1.6,0.11,0.33,0.1,0.02,2,55,3.7,0
420531493,420531492,1.122,0.142,0.033,-74.78291667,40.42191666666668,178,4,1.6,0.11,0.33,0.1,0.02,2,55,3.7,0
420531687,420531493,0.033,0.071,0.033,-74.78141667,40.42091666666666,178,4,1.6,0.11,0.33,0.1,0.02,2,55,3.7,0
420530257,420531493,1.0559999999999998,0.421,0.216,-74.78013889,40.42385101010102,178,4,1.6,0.11,0.33,0.1,0.02,2,55,3.7,0
420530054,420531492,1.035,0.696,0.177,-74.78322531,40.42587962962963,178,4,1.6,0.11,0.33,0.1,0.02,2,55,3.7,0
420531282,420530257,0.099,0.304,0.099,-74.77680556,40.42291666666668,178,4,1.6,0.11,0.33,0.1,0.02,2,55,3.7,0
420529852,420530257,0.7409999999999999,0.583,0.295,-74.7759537,40.42663888888888,178,4,1.6,0.11,0.33,0.1,0.02,2,55,3.7,0
420529642,420529852,0.158,0.233,0.158,-74.77229167,40.42788194444445,178,4,1.6,0.11,0.33,0.1,0.02,2,55,3.7,0
420529424,420530054,0.131,0.233,0.131,-74.78570833,40.428625,178,4,1.6,0.11,0.33,0.1,0.02,2,55,3.7,0
420527779,420530054,0.727,1.541,0.727,-74.77913288,40.43341216216218,178,4,1.6,0.11,0.33,0.1,0.02,2,55,3.7,0
420528175,420529852,0.288,0.627,0.288,-74.77316288,40.43276515151515,178,4,1.6,0.11,0.33,0.1,0.02,2,55,3.7,0
420559164,420558550,0.053,0.093,0.053,-74.77041667,40.3103125,178,4,1.6,0.11,0.33,0.1,0.02,2,55,3.7,0
420558550,420558335,0.283,0.234,0.059,-74.77097222,40.31236111111111,178,4,1.6,0.11,0.33,0.1,0.02,2,55,3.7,0
420558551,420557887,0.25,0.397,0.25,-74.76535088,40.311885964912285,178,4,1.6,0.11,0.33,0.1,0.02,2,55,3.7,0
420558335,420557887,0.396,0.117,0.014,-74.77,40.31416666666666,178,4,1.6,0.11,0.33,0.1,0.02,2,55,3.7,0
420556820,420555787,0.413,1.001,0.413,-74.76035053,40.31580026455027,178,4,1.6,0.11,0.33,0.1,0.02,2,55,3.7,0
420557887,420557667,0.764,0.21,0.118,-74.76662037,40.31467592592592,178,4,1.6,0.11,0.33,0.1,0.02,2,55,3.7,0
420557264,420557048,0.191,0.559,0.191,-74.75662356,40.31553161,178,4,1.6,0.11,0.33,0.1,0.02,2,55,3.7,0
420557666,420557667,0.02,0.071,0.02,-74.77125,40.31708333333334,178,4,1.6,0.11,0.33,0.1,0.02,2,55,3.7,0
420557667,420556419,0.8170000000000001,0.117,0.033,-74.77208333,40.31708333333332,178,4,1.6,0.11,0.33,0.1,0.02,2,55,3.7,0
420556418,420556419,0.295,0.492,0.295,-74.77052778,40.31913888888889,178,4,1.6,0.11,0.33,0.1,0.02,2,55,3.7,0
420556419,420555787,1.388,0.725,0.276,-74.7647619,40.3189881,178,4,1.6,0.11,0.33,0.1,0.02,2,55,3.7,0
420555787,420555788,1.959,0.375,0.158,-74.76083333,40.32243055555556,178,4,1.6,0.11,0.33,0.1,0.02,2,55,3.7,0
420556420,420555788,0.027,0.234,0.027,-74.75666667,40.32104166666667,178,4,1.6,0.11,0.33,0.1,0.02,2,55,3.7,0
420555788,420554048,2.065,0.234,0.079,-74.75777778,40.32298611111111,178,4,1.6,0.11,0.33,0.1,0.02,2,55,3.7,0
420554046,420554047,0.453,1.167,0.453,-74.76182971,40.32629830917876,178,4,1.6,0.11,0.33,0.1,0.02,2,55,3.7,0
420560038,420559600,0.335,1.022,0.335,-74.78554739,40.30327614379083,178,4,1.6,0.11,0.33,0.1,0.02,2,55,3.7,0
420560039,420559601,0.289,0.813,0.289,-74.78100379,40.30356061,178,4,1.6,0.11,0.33,0.1,0.02,2,55,3.7,0
420560040,420559602,0.118,0.35,0.118,-74.77814815,40.30601851851853,178,4,1.6,0.11,0.33,0.1,0.02,2,55,3.7,0
420559163,420559602,0.295,0.679,0.295,-74.77575,40.30815740740741,178,4,1.6,0.11,0.33,0.1,0.02,2,55,3.7,0
420559602,420559601,0.4659999999999999,0.213,0.053,-74.78083333,40.30885416666666,178,4,1.6,0.11,0.33,0.1,0.02,2,55,3.7,0
420559601,420559600,0.7689999999999999,0.071,0.014,-74.7825,40.30916666666668,178,4,1.6,0.11,0.33,0.1,0.02,2,55,3.7,0
420559600,420558983,1.15,0.21,0.046,-74.78327381,40.30922619047619,178,4,1.6,0.11,0.33,0.1,0.02,2,55,3.7,0
420559599,420558983,0.7360000000000001,0.117,0.027,-74.78541667,40.30916666666669,178,4,1.6,0.11,0.33,0.1,0.02,2,55,3.7,0
420558983,420558118,1.952,0.302,0.066,-74.78466667,40.311,178,4,1.6,0.11,0.33,0.1,0.02,2,55,3.7,0
420558774,420558550,0.171,0.304,0.171,-74.77349359,40.31070512820514,178,4,1.6,0.11,0.33,0.1,0.02,2,55,3.7,0
420558334,420557047,0.191,0.629,0.191,-74.78076149,40.31225574712644,178,4,1.6,0.11,0.33,0.1,0.02,2,55,3.7,0
420558773,420558118,0.225,0.188,0.027,-74.78708333,40.31208333333333,178,4,1.6,0.11,0.33,0.1,0.02,2,55,3.7,0
420558118,420557047,2.263,0.35,0.086,-74.78503205,40.31375,178,4,1.6,0.11,0.33,0.1,0.02,2,55,3.7,0
420558119,420558335,0.099,0.259,0.099,-74.77291667,40.31471153846154,178,4,1.6,0.11,0.33,0.1,0.02,2,55,3.7,0
420557046,420557047,0.184,0.33,0.184,-74.78645833,40.31735119047619,178,4,1.6,0.11,0.33,0.1,0.02,2,55,3.7,0
420557665,420556818,0.204,0.492,0.204,-74.77686828,40.31522849462365,178,4,1.6,0.11,0.33,0.1,0.02,2,55,3.7,0
420557047,420556818,2.815,0.397,0.177,-74.78183642,40.31637345679012,178,4,1.6,0.11,0.33,0.1,0.02,2,55,3.7,0
420559821,420559599,0.538,1.029,0.538,-74.79132114,40.30536585365854,178,4,1.6,0.11,0.33,0.1,0.02,2,55,3.7,0
420559162,420559599,0.171,0.633,0.171,-74.79009615,40.309519230769205,178,4,1.6,0.11,0.33,0.1,0.02,2,55,3.7,0
420554048,420554047,3.11,0.837,0.4,-74.75436475,40.327616120218586,178,4,1.6,0.11,0.33,0.1,0.02,2,55,3.7,0
420554044,420553223,0.315,1,0.315,-74.76743056,40.32602430555554,178,4,1.6,0.11,0.33,0.1,0.02,2,55,3.7,0
420553623,420553223,68.99,0.375,0.138,-74.7685119,40.33093253968253,178,4,1.6,0.11,0.33,0.1,0.02,2,55,3.7,0
420554045,420553223,0.066,0.304,0.066,-74.76366667,40.33025000000001,178,4,1.6,0.11,0.33,0.1,0.02,2,55,3.7,0
420554047,420551949,3.583,0.117,0.02,-74.75652778,40.330416666666665,178,4,1.6,0.11,0.33,0.1,0.02,2,55,3.7,0
420553419,420551949,70.83300000000001,0.259,0.066,-74.75733333,40.33266666666667,178,4,1.6,0.11,0.33,0.1,0.02,2,55,3.7,0
420553223,420553011,69.444,0.188,0.073,-74.76708333,40.33321969696971,178,4,1.6,0.11,0.33,0.1,0.02,2,55,3.7,0
420551949,420551729,74.74400000000001,0.584,0.328,-74.75408333,40.33463333333333,178,4,1.6,0.11,0.33,0.1,0.02,2,55,3.7,0
420553011,420553419,69.891,0.567,0.256,-74.7619765,40.33272435897435,178,4,1.6,0.11,0.33,0.1,0.02,2,55,3.7,0
420553012,420553419,0.8760000000000001,0.21,0.04,-74.75902778,40.33458333333334,178,4,1.6,0.11,0.33,0.1,0.02,2,55,3.7,0
420552144,420553011,0.191,0.511,0.191,-74.76616379,40.33647988505746,178,4,1.6,0.11,0.33,0.1,0.02,2,55,3.7,0
420552145,420553012,0.678,0.537,0.138,-74.76132937,40.3369246,178,4,1.6,0.11,0.33,0.1,0.02,2,55,3.7,0
420551728,420553012,0.158,0.559,0.158,-74.75795139,40.33815972222223,178,4,1.6,0.11,0.33,0.1,0.02,2,55,3.7,0
420551344,420551729,0.243,0.419,0.243,-74.75275901,40.33951576576576,178,4,1.6,0.11,0.33,0.1,0.02,2,55,3.7,0
420551343,420552145,0.073,0.234,0.073,-74.7607197,40.34034090909092,178,4,1.6,0.11,0.33,0.1,0.02,2,55,3.7,0
420550314,420552145,0.204,0.815,0.204,-74.76550287,40.34268678,178,4,1.6,0.11,0.33,0.1,0.02,2,55,3.7,0
420550517,420550315,0.308,0.542,0.308,-74.75726064,40.34353723404255,178,4,1.6,0.11,0.33,0.1,0.02,2,55,3.7,0
420549517,420550315,0.282,0.537,0.282,-74.7557655,40.34766472868217,178,4,1.6,0.11,0.33,0.1,0.02,2,55,3.7,0
420556000,420554048,0.645,0.397,0.138,-74.7535119,40.32303571428572,178,4,1.6,0.11,0.33,0.1,0.02,2,55,3.7,0
420556222,420556000,0.118,0.234,0.118,-74.75152778,40.31962962962962,178,4,1.6,0.11,0.33,0.1,0.02,2,55,3.7,0
420556612,420556000,0.389,0.302,0.059,-74.75467593,40.32013888888889,178,4,1.6,0.11,0.33,0.1,0.02,2,55,3.7,0
420556821,420556612,0.033,0.117,0.033,-74.75308333,40.31908333333334,178,4,1.6,0.11,0.33,0.1,0.02,2,55,3.7,0
420557048,420556612,0.297,0.117,0.027,-74.755625,40.318750000000016,178,4,1.6,0.11,0.33,0.1,0.02,2,55,3.7,0
420557486,420557048,0.079,0.21,0.079,-74.75375,40.316527777777765,178,4,1.6,0.11,0.33,0.1,0.02,2,55,3.7,0
420557052,420557893,119.74499999999996,0.487,0.151,-74.68461957,40.31842391304345,178,4,1.6,0.11,0.33,0.1,0.02,2,55,3.7,0
420556617,420557052,0.789,0.093,0.014,-74.68458333,40.32083333333334,178,4,1.6,0.11,0.33,0.1,0.02,2,55,3.7,0
420556226,420557052,118.80499999999996,0.421,0.099,-74.68219444,40.32136111111112,178,4,1.6,0.11,0.33,0.1,0.02,2,55,3.7,0
420556004,420556617,0.342,0.326,0.046,-74.68410714,40.32267857142857,178,4,1.6,0.11,0.33,0.1,0.02,2,55,3.7,0
420555789,420553826,0.191,0.559,0.191,-74.74872126,40.32179597701148,178,4,1.6,0.11,0.33,0.1,0.02,2,55,3.7,0
420555313,420553826,0.158,0.421,0.158,-74.74548611,40.32322916666666,178,4,1.6,0.11,0.33,0.1,0.02,2,55,3.7,0
420554685,420554050,0.092,0.21,0.092,-74.71011905,40.32720238095238,178,4,1.6,0.11,0.33,0.1,0.02,2,55,3.7,0
420553420,420554050,0.295,0.375,0.295,-74.71278704,40.33086111111112,178,4,1.6,0.11,0.33,0.1,0.02,2,55,3.7,0
420554050,420553226,0.5640000000000001,0.421,0.177,-74.70671296,40.32998456790124,178,4,1.6,0.11,0.33,0.1,0.02,2,55,3.7,0
420553421,420553226,0.053,0.188,0.053,-74.70802083,40.33322916666667,178,4,1.6,0.11,0.33,0.1,0.02,2,55,3.7,0
420555549,420556617,0.433,1.097,0.433,-74.69044192,40.32195707070706,178,4,1.6,0.11,0.33,0.1,0.02,2,55,3.7,0
420554902,420556004,0.171,0.421,0.171,-74.68836538,40.32506410256409,178,4,1.6,0.11,0.33,0.1,0.02,2,55,3.7,0
420554686,420554051,0.335,0.746,0.335,-74.69832516,40.32587418300654,178,4,1.6,0.11,0.33,0.1,0.02,2,55,3.7,0
420553422,420554051,0.485,1.216,0.485,-74.70156532,40.32948198198199,178,4,1.6,0.11,0.33,0.1,0.02,2,55,3.7,0
420554265,420553017,0.145,0.326,0.145,-74.69208333,40.3280303,178,4,1.6,0.11,0.33,0.1,0.02,2,55,3.7,0
420554051,420553017,0.899,0.234,0.079,-74.69479167,40.329375,178,4,1.6,0.11,0.33,0.1,0.02,2,55,3.7,0
420553017,420553227,1.254,0.726,0.21,-74.69359375,40.33341146,178,4,1.6,0.11,0.33,0.1,0.02,2,55,3.7,0
420553423,420553227,0.125,0.443,0.125,-74.69024123,40.33089912280702,178,4,1.6,0.11,0.33,0.1,0.02,2,55,3.7,0
420553226,420551956,0.7420000000000001,0.467,0.125,-74.70445175,40.33317982,178,4,1.6,0.11,0.33,0.1,0.02,2,55,3.7,0
420553227,420552580,1.458,0.117,0.079,-74.68881944,40.33305555555556,178,4,1.6,0.11,0.33,0.1,0.02,2,55,3.7,0
420552580,420553018,116.49499999999996,0.284,0.105,-74.68739583,40.33546874999998,178,4,1.6,0.11,0.33,0.1,0.02,2,55,3.7,0
420552362,420552580,114.93199999999996,0.234,0.059,-74.69023148,40.33680555555555,178,4,1.6,0.11,0.33,0.1,0.02,2,55,3.7,0
420551956,420551731,2.297,0.937,0.42,-74.69859375,40.33619791666666,178,4,1.6,0.11,0.33,0.1,0.02,2,55,3.7,0
420551732,420552362,0.138,0.117,0.138,-74.68799603,40.338710317460325,178,4,1.6,0.11,0.33,0.1,0.02,2,55,3.7,0
420551731,420552362,114.73499999999994,0.421,0.125,-74.69269737,40.338311403508776,178,4,1.6,0.11,0.33,0.1,0.02,2,55,3.7,0
420551955,420551347,0.269,0.912,0.269,-74.70344512,40.34084349593496,178,4,1.6,0.11,0.33,0.1,0.02,2,55,3.7,0
420551347,420551731,0.545,0.4,0.112,-74.69693627,40.34051470588235,178,4,1.6,0.11,0.33,0.1,0.02,2,55,3.7,0
420550923,420551731,111.76799999999994,0.513,0.295,-74.69341667,40.34275000000001,178,4,1.6,0.11,0.33,0.1,0.02,2,55,3.7,0
420550725,420551347,0.164,0.492,0.164,-74.70088333,40.34241666666666,178,4,1.6,0.11,0.33,0.1,0.02,2,55,3.7,0
420551148,420550923,0.282,0.658,0.282,-74.68549419,40.34154069767441,178,4,1.6,0.11,0.33,0.1,0.02,2,55,3.7,0
420553018,420552150,116.59999999999997,0.259,0.059,-74.68513889,40.33430555555556,178,4,1.6,0.11,0.33,0.1,0.02,2,55,3.7,0
420556421,420556226,0.059,0.071,0.059,-74.67912037,40.32124999999999,178,4,1.6,0.11,0.33,0.1,0.02,2,55,3.7,0
420555550,420556226,118.64699999999996,0.302,0.086,-74.67983974,40.32368589743591,178,4,1.6,0.11,0.33,0.1,0.02,2,55,3.7,0
420554903,420556004,0.125,0.278,0.125,-74.68595588,40.32605392156863,178,4,1.6,0.11,0.33,0.1,0.02,2,55,3.7,0
420555315,420555550,0.125,0.234,0.125,-74.67739035,40.32497807017545,178,4,1.6,0.11,0.33,0.1,0.02,2,55,3.7,0
420555121,420555550,118.43599999999996,0.234,0.073,-74.68200758,40.32556818181819,178,4,1.6,0.11,0.33,0.1,0.02,2,55,3.7,0
420554904,420555121,118.22499999999997,0.234,0.04,-74.68083333,40.32749999999999,178,4,1.6,0.11,0.33,0.1,0.02,2,55,3.7,0
420554266,420555121,0.138,0.234,0.138,-74.68537698,40.32839285714287,178,4,1.6,0.11,0.33,0.1,0.02,2,55,3.7,0
420554905,420554904,0.092,0.304,0.092,-74.6772619,40.32785714285716,178,4,1.6,0.11,0.33,0.1,0.02,2,55,3.7,0
420554053,420554904,117.99399999999996,0.234,0.079,-74.67826389,40.32958333333333,178,4,1.6,0.11,0.33,0.1,0.02,2,55,3.7,0
420554052,420554904,0.099,0.35,0.099,-74.68330556,40.33002777777779,178,4,1.6,0.11,0.33,0.1,0.02,2,55,3.7,0
420553624,420554053,0.073,0.188,0.073,-74.67814394,40.33170454545453,178,4,1.6,0.11,0.33,0.1,0.02,2,55,3.7,0
420553228,420554053,117.84199999999996,0.395,0.118,-74.68097222,40.33185185185185,178,4,1.6,0.11,0.33,0.1,0.02,2,55,3.7,0
420552150,420553228,116.83699999999996,0.234,0.138,-74.68248016,40.33605158730158,178,4,1.6,0.11,0.33,0.1,0.02,2,55,3.7,0
420552581,420553228,0.887,0.608,0.21,-74.67747396,40.335286458333336,178,4,1.6,0.11,0.33,0.1,0.02,2,55,3.7,0
420553424,420552150,0.099,0.117,0.099,-74.68575,40.331916666666665,178,4,1.6,0.11,0.33,0.1,0.02,2,55,3.7,0
420552363,420553018,0.046,0.117,0.046,-74.68458333,40.33708333333333,178,4,1.6,0.11,0.33,0.1,0.02,2,55,3.7,0
420550924,420552581,0.243,0.537,0.243,-74.67967342,40.33996621621623,178,4,1.6,0.11,0.33,0.1,0.02,2,55,3.7,0
420554263,420553224,0.269,0.744,0.269,-74.74486789,40.32694105691056,178,4,1.6,0.11,0.33,0.1,0.02,2,55,3.7,0
420553826,420553224,0.5790000000000001,0.791,0.23,-74.74960714,40.3280119,178,4,1.6,0.11,0.33,0.1,0.02,2,55,3.7,0
420554264,420553013,0.118,0.21,0.118,-74.74203704,40.32828703703705,178,4,1.6,0.11,0.33,0.1,0.02,2,55,3.7,0
420553014,420552809,0.322,0.861,0.322,-74.73659014,40.33174319727891,178,4,1.6,0.11,0.33,0.1,0.02,2,55,3.7,0
420553827,420553013,0.132,0.259,0.132,-74.74033333,40.32995833333334,178,4,1.6,0.11,0.33,0.1,0.02,2,55,3.7,0
420553013,420552579,0.323,0.559,0.073,-74.74382576,40.33299242424241,178,4,1.6,0.11,0.33,0.1,0.02,2,55,3.7,0
420553224,420551950,1.025,0.535,0.177,-74.74677469,40.332669753086414,178,4,1.6,0.11,0.33,0.1,0.02,2,55,3.7,0
420553225,420552579,0.099,0.302,0.099,-74.74063889,40.33297222222221,178,4,1.6,0.11,0.33,0.1,0.02,2,55,3.7,0
420552147,420551529,0.341,0.909,0.341,-74.73115385,40.334487179487176,178,4,1.6,0.11,0.33,0.1,0.02,2,55,3.7,0
420551729,420551950,75.23,0.425,0.243,-74.74899775,40.33710585585585,178,4,1.6,0.11,0.33,0.1,0.02,2,55,3.7,0
420553015,420551346,0.066,0.117,0.066,-74.73458333,40.3345,178,4,1.6,0.11,0.33,0.1,0.02,2,55,3.7,0
420552579,420552146,0.475,0.326,0.053,-74.74197917,40.335625,178,4,1.6,0.11,0.33,0.1,0.02,2,55,3.7,0
420551950,420551951,76.459,0.608,0.204,-74.74485215,40.33748655913979,178,4,1.6,0.11,0.33,0.1,0.02,2,55,3.7,0
420551952,420551145,0.197,0.604,0.197,-74.72711111,40.335416666666674,178,4,1.6,0.11,0.33,0.1,0.02,2,55,3.7,0
420552809,420551346,88.6,0.071,0.014,-74.7375,40.33624999999999,178,4,1.6,0.11,0.33,0.1,0.02,2,55,3.7,0
420552146,420552809,88.264,0.375,0.125,-74.73914216,40.33762255,178,4,1.6,0.11,0.33,0.1,0.02,2,55,3.7,0
420551346,420551529,88.883,0.584,0.217,-74.73503788,40.33880050505051,178,4,1.6,0.11,0.33,0.1,0.02,2,55,3.7,0
420551951,420552146,87.565,0.117,0.014,-74.7425,40.33833333333335,178,4,1.6,0.11,0.33,0.1,0.02,2,55,3.7,0
420551345,420552146,0.099,0.234,0.099,-74.73797222,40.34052777777779,178,4,1.6,0.11,0.33,0.1,0.02,2,55,3.7,0
420551528,420551951,11.091999999999995,0.21,0.04,-74.74152778,40.34041666666668,178,4,1.6,0.11,0.33,0.1,0.02,2,55,3.7,0
420551529,420551145,89.356,0.329,0.132,-74.730625,40.339375,178,4,1.6,0.11,0.33,0.1,0.02,2,55,3.7,0
420551145,420550922,89.84899999999999,0.304,0.073,-74.72814394,40.341174242424245,178,4,1.6,0.11,0.33,0.1,0.02,2,55,3.7,0
420550723,420551528,10.775999999999996,0.467,0.138,-74.74434524,40.34244047619047,178,4,1.6,0.11,0.33,0.1,0.02,2,55,3.7,0
420550317,420551145,0.223,0.443,0.223,-74.7322549,40.34375000000001,178,4,1.6,0.11,0.33,0.1,0.02,2,55,3.7,0
420550518,420551528,0.276,0.772,0.276,-74.73902778,40.34361111111111,178,4,1.6,0.11,0.33,0.1,0.02,2,55,3.7,0
420550921,420550723,0.164,0.375,0.164,-74.74838333,40.34198333333333,178,4,1.6,0.11,0.33,0.1,0.02,2,55,3.7,0
420549717,420550922,0.236,0.63,0.236,-74.72974537,40.34604166666665,178,4,1.6,0.11,0.33,0.1,0.02,2,55,3.7,0
420550316,420550723,10.473999999999997,0.186,0.046,-74.74608333,40.34541666666664,178,4,1.6,0.11,0.33,0.1,0.02,2,55,3.7,0
420550315,420549910,0.78,0.588,0.19,-74.75078704,40.34483024691357,178,4,1.6,0.11,0.33,0.1,0.02,2,55,3.7,0
420549910,420550316,9.159999999999998,0.117,0.04,-74.74638889,40.34638888888889,178,4,1.6,0.11,0.33,0.1,0.02,2,55,3.7,0
420549138,420550316,1.2679999999999998,0.583,0.223,-74.74259804,40.34791666666666,178,4,1.6,0.11,0.33,0.1,0.02,2,55,3.7,0
420549137,420549910,8.339999999999998,0.395,0.158,-74.74680556,40.34868055555557,178,4,1.6,0.11,0.33,0.1,0.02,2,55,3.7,0
420549716,420549138,0.151,0.468,0.151,-74.73802536,40.34708333333332,178,4,1.6,0.11,0.33,0.1,0.02,2,55,3.7,0
420551957,420552581,0.434,0.302,0.079,-74.67555556,40.33819444444445,178,4,1.6,0.11,0.33,0.1,0.02,2,55,3.7,0
420551348,420551957,0.132,0.259,0.132,-74.67275,40.340125,178,4,1.6,0.11,0.33,0.1,0.02,2,55,3.7,0
420550726,420551957,0.223,0.395,0.223,-74.67580882,40.34218137254901,178,4,1.6,0.11,0.33,0.1,0.02,2,55,3.7,0
420552361,420551956,1.135,0.446,0.118,-74.70462963,40.33657407407407,178,4,1.6,0.11,0.33,0.1,0.02,2,55,3.7,0
420552810,420552361,0.164,0.375,0.164,-74.70951667,40.33461666666667,178,4,1.6,0.11,0.33,0.1,0.02,2,55,3.7,0
420551532,420552361,0.407,0.959,0.407,-74.71263441,40.33759409,178,4,1.6,0.11,0.33,0.1,0.02,2,55,3.7,0
420552148,420551954,0.099,0.419,0.099,-74.72169444,40.336194444444445,178,4,1.6,0.11,0.33,0.1,0.02,2,55,3.7,0
420551953,420551954,0.145,0.35,0.145,-74.72443182,40.336666666666666,178,4,1.6,0.11,0.33,0.1,0.02,2,55,3.7,0
420549912,420552361,0.446,1.329,0.446,-74.7078799,40.34316176470588,178,4,1.6,0.11,0.33,0.1,0.02,2,55,3.7,0
420552149,420551530,0.04,0.21,0.04,-74.72027778,40.33749999999999,178,4,1.6,0.11,0.33,0.1,0.02,2,55,3.7,0
420551730,420551531,0.158,0.326,0.158,-74.71809028,40.33763888888889,178,4,1.6,0.11,0.33,0.1,0.02,2,55,3.7,0
420551530,420551146,0.331,0.188,0.04,-74.72125,40.34,178,4,1.6,0.11,0.33,0.1,0.02,2,55,3.7,0
420551531,420551530,0.251,0.117,0.02,-74.72013889,40.34097222222222,178,4,1.6,0.11,0.33,0.1,0.02,2,55,3.7,0
420551954,420551146,0.258,0.093,0.014,-74.7225,40.33916666666668,178,4,1.6,0.11,0.33,0.1,0.02,2,55,3.7,0
420551147,420551531,0.073,0.188,0.073,-74.71884259,40.342083333333335,178,4,1.6,0.11,0.33,0.1,0.02,2,55,3.7,0
420551146,420550724,0.7070000000000001,0.419,0.118,-74.72286458,40.34177083333334,178,4,1.6,0.11,0.33,0.1,0.02,2,55,3.7,0
420550922,420550724,90.177,0.234,0.092,-74.72589286,40.34130952380953,178,4,1.6,0.11,0.33,0.1,0.02,2,55,3.7,0
420550519,420550101,0.177,0.535,0.177,-74.71621914,40.342669753086426,178,4,1.6,0.11,0.33,0.1,0.02,2,55,3.7,0
420550724,420550099,90.911,0.117,0.027,-74.725,40.34374999999999,178,4,1.6,0.11,0.33,0.1,0.02,2,55,3.7,0
420549911,420550099,0.079,0.304,0.079,-74.72631944,40.34652777777777,178,4,1.6,0.11,0.33,0.1,0.02,2,55,3.7,0
420550099,420550100,91.10199999999998,0.35,0.112,-74.72272059,40.34492647058825,178,4,1.6,0.11,0.33,0.1,0.02,2,55,3.7,0
420549719,420550101,0.269,0.633,0.269,-74.71446138,40.345518292682925,178,4,1.6,0.11,0.33,0.1,0.02,2,55,3.7,0
420550101,420549718,0.486,0.234,0.04,-74.71888889,40.34638888888888,178,4,1.6,0.11,0.33,0.1,0.02,2,55,3.7,0
420549141,420548714,0.236,0.696,0.236,-74.71138889,40.34807870370369,178,4,1.6,0.11,0.33,0.1,0.02,2,55,3.7,0
420550100,420549718,91.45099999999996,0.117,0.073,-74.72049242,40.34518939393939,178,4,1.6,0.11,0.33,0.1,0.02,2,55,3.7,0
420548923,420550100,0.276,0.679,0.276,-74.72628968,40.34950396825398,178,4,1.6,0.11,0.33,0.1,0.02,2,55,3.7,0
420549718,420549341,91.98999999999997,0.21,0.053,-74.72010417,40.3478125,178,4,1.6,0.11,0.33,0.1,0.02,2,55,3.7,0
420548924,420549341,0.112,0.142,0.112,-74.72316176,40.35075980392158,178,4,1.6,0.11,0.33,0.1,0.02,2,55,3.7,0
420549341,420548487,92.17499999999995,0.21,0.073,-74.71844697,40.34935606060607,178,4,1.6,0.11,0.33,0.1,0.02,2,55,3.7,0
420548715,420548066,0.158,0.397,0.158,-74.70774306,40.35027777777777,178,4,1.6,0.11,0.33,0.1,0.02,2,55,3.7,0
420548486,420548487,0.099,0.188,0.099,-74.72163889,40.35258333333333,178,4,1.6,0.11,0.33,0.1,0.02,2,55,3.7,0
420548487,420548064,92.35999999999996,0.326,0.086,-74.71842949,40.35189102564104,178,4,1.6,0.11,0.33,0.1,0.02,2,55,3.7,0
420548714,420548066,95.40399999999995,0.117,0.033,-74.71541667,40.35458333333339,178,4,1.6,0.11,0.33,0.1,0.02,2,55,3.7,0
420548065,420548714,95.13499999999996,0.538,0.164,-74.71411667,40.353116666666665,178,4,1.6,0.11,0.33,0.1,0.02,2,55,3.7,0
420548488,420547873,0.223,0.35,0.223,-74.70416667,40.351323529411765,178,4,1.6,0.11,0.33,0.1,0.02,2,55,3.7,0
420548066,420547871,95.65399999999995,0.234,0.092,-74.71065476,40.3535119,178,4,1.6,0.11,0.33,0.1,0.02,2,55,3.7,0
420550103,420550923,111.19099999999996,0.395,0.105,-74.68984375,40.34520833333333,178,4,1.6,0.11,0.33,0.1,0.02,2,55,3.7,0
420550318,420549914,0.099,0.188,0.099,-74.68252778,40.344472222222215,178,4,1.6,0.11,0.33,0.1,0.02,2,55,3.7,0
420550102,420549720,0.23,0.375,0.23,-74.6999881,40.345559523809534,178,4,1.6,0.11,0.33,0.1,0.02,2,55,3.7,0
420549915,420549914,0.112,0.446,0.112,-74.68090686,40.34605392156862,178,4,1.6,0.11,0.33,0.1,0.02,2,55,3.7,0
420549913,420550103,0.6709999999999999,0.188,0.04,-74.69111111,40.34708333333333,178,4,1.6,0.11,0.33,0.1,0.02,2,55,3.7,0
420549914,420549721,0.343,0.375,0.132,-74.68533333,40.34537499999998,178,4,1.6,0.11,0.33,0.1,0.02,2,55,3.7,0
420549721,420550103,110.41499999999996,0.234,0.079,-74.68805556,40.34715277777778,178,4,1.6,0.11,0.33,0.1,0.02,2,55,3.7,0
420549345,420549142,0.289,0.77,0.289,-74.67914773,40.347765151515134,178,4,1.6,0.11,0.33,0.1,0.02,2,55,3.7,0
420549720,420549913,0.5389999999999999,0.425,0.125,-74.69467105,40.34708333333333,178,4,1.6,0.11,0.33,0.1,0.02,2,55,3.7,0
420549342,420549720,0.184,0.446,0.184,-74.69985119,40.34857142857144,178,4,1.6,0.11,0.33,0.1,0.02,2,55,3.7,0
420549343,420549913,0.092,0.304,0.092,-74.69369048,40.34928571428572,178,4,1.6,0.11,0.33,0.1,0.02,2,55,3.7,0
420548927,420549721,109.99299999999997,0.443,0.145,-74.68700758,40.34988636363635,178,4,1.6,0.11,0.33,0.1,0.02,2,55,3.7,0
420549143,420549142,0.086,0.329,0.086,-74.67785256,40.34939102564101,178,4,1.6,0.11,0.33,0.1,0.02,2,55,3.7,0
420548926,420548927,0.125,0.188,0.125,-74.69155702,40.35054824561403,178,4,1.6,0.11,0.33,0.1,0.02,2,55,3.7,0
420549344,420548267,0.02,0.117,0.02,-74.68458333,40.34958333333332,178,4,1.6,0.11,0.33,0.1,0.02,2,55,3.7,0
420548928,420548068,0.079,0.326,0.079,-74.67694444,40.35062500000001,178,4,1.6,0.11,0.33,0.1,0.02,2,55,3.7,0
420547875,420548267,8.706999999999999,0.329,0.138,-74.68462302,40.3530754,178,4,1.6,0.11,0.33,0.1,0.02,2,55,3.7,0
420549142,420547875,0.382,0.117,0.007,-74.68208333,40.35125,178,4,1.6,0.11,0.33,0.1,0.02,2,55,3.7,0
420548716,420548927,109.72299999999996,0.093,0.014,-74.68875,40.352500000000006,178,4,1.6,0.11,0.33,0.1,0.02,2,55,3.7,0
420548267,420548716,8.812999999999999,0.35,0.086,-74.68682692,40.35317307692308,178,4,1.6,0.11,0.33,0.1,0.02,2,55,3.7,0
420548925,420547441,0.046,0.117,0.046,-74.69672619,40.35113095238096,178,4,1.6,0.11,0.33,0.1,0.02,2,55,3.7,0
420548489,420547875,8.187,0.117,0.014,-74.6825,40.35249999999998,178,4,1.6,0.11,0.33,0.1,0.02,2,55,3.7,0
420546628,420548716,100.89599999999996,0.696,0.249,-74.69008772,40.35594298245614,178,4,1.6,0.11,0.33,0.1,0.02,2,55,3.7,0
420548268,420548489,8.14,0.188,0.046,-74.68041667,40.35327381,178,4,1.6,0.11,0.33,0.1,0.02,2,55,3.7,0
420548266,420547441,99.37199999999996,0.188,0.033,-74.69825,40.35308333333332,178,4,1.6,0.11,0.33,0.1,0.02,2,55,3.7,0
420548069,420548068,0.6759999999999999,0.188,0.059,-74.67662037,40.35449074074075,178,4,1.6,0.11,0.33,0.1,0.02,2,55,3.7,0
420548067,420548489,0.033,0.093,0.033,-74.68275,40.35458333333333,178,4,1.6,0.11,0.33,0.1,0.02,2,55,3.7,0
420547873,420548266,99.30599999999995,0.492,0.21,-74.70046875,40.35317708333334,178,4,1.6,0.11,0.33,0.1,0.02,2,55,3.7,0
420548068,420548268,0.834,0.35,0.079,-74.67840278,40.35347222222222,178,4,1.6,0.11,0.33,0.1,0.02,2,55,3.7,0
420547441,420547034,99.71299999999997,0.722,0.295,-74.69497222,40.35504629629628,178,4,1.6,0.11,0.33,0.1,0.02,2,55,3.7,0
420547874,420548266,0.033,0.093,0.033,-74.69791667,40.35541666666667,178,4,1.6,0.11,0.33,0.1,0.02,2,55,3.7,0
420547442,420548268,7.260000000000001,0.395,0.171,-74.68189103,40.3561859,178,4,1.6,0.11,0.33,0.1,0.02,2,55,3.7,0
420549139,420548922,0.171,0.446,0.171,-74.73657051,40.34948717948716,178,4,1.6,0.11,0.33,0.1,0.02,2,55,3.7,0
420549340,420549136,0.118,0.234,0.118,-74.75087963,40.349259259259256,178,4,1.6,0.11,0.33,0.1,0.02,2,55,3.7,0
420548922,420549138,0.8939999999999999,0.117,0.033,-74.74058333,40.35091666666666,178,4,1.6,0.11,0.33,0.1,0.02,2,55,3.7,0
420549136,420549137,8.036999999999999,0.117,0.014,-74.74916667,40.35041666666666,178,4,1.6,0.11,0.33,0.1,0.02,2,55,3.7,0
420548265,420549137,0.145,0.397,0.145,-74.74371212,40.35246212121212,178,4,1.6,0.11,0.33,0.1,0.02,2,55,3.7,0
420549140,420548712,0.092,0.234,0.092,-74.73255952,40.34982142857143,178,4,1.6,0.11,0.33,0.1,0.02,2,55,3.7,0
420548485,420549136,7.904999999999999,0.278,0.066,-74.74833333,40.35241666666666,178,4,1.6,0.11,0.33,0.1,0.02,2,55,3.7,0
420548063,420548922,0.69,0.513,0.164,-74.73868333,40.35334999999998,178,4,1.6,0.11,0.33,0.1,0.02,2,55,3.7,0
420548713,420548712,0.112,0.213,0.112,-74.73213235,40.35198529411765,178,4,1.6,0.11,0.33,0.1,0.02,2,55,3.7,0
420548712,420548063,0.244,0.234,0.04,-74.73555556,40.35236111111112,178,4,1.6,0.11,0.33,0.1,0.02,2,55,3.7,0
420547870,420548485,6.677,0.326,0.066,-74.7495,40.355583333333335,178,4,1.6,0.11,0.33,0.1,0.02,2,55,3.7,0
420547029,420548485,1.162,1.028,0.505,-74.74318723,40.35707251082251,178,4,1.6,0.11,0.33,0.1,0.02,2,55,3.7,0
420547030,420548063,0.282,0.443,0.282,-74.73458333,40.35615310077519,178,4,1.6,0.11,0.33,0.1,0.02,2,55,3.7,0
420547648,420547031,1.079,0.093,0.02,-74.72708333,40.35680555555555,178,4,1.6,0.11,0.33,0.1,0.02,2,55,3.7,0
420545989,420547870,0.289,0.744,0.289,-74.74676136,40.36034090909091,178,4,1.6,0.11,0.33,0.1,0.02,2,55,3.7,0
420546625,420547648,0.204,0.421,0.204,-74.73090054,40.35866935,178,4,1.6,0.11,0.33,0.1,0.02,2,55,3.7,0
420545827,420547029,0.243,0.792,0.243,-74.7353491,40.36138513513513,178,4,1.6,0.11,0.33,0.1,0.02,2,55,3.7,0
420545990,420547029,0.414,0.535,0.171,-74.73990385,40.36173076923076,178,4,1.6,0.11,0.33,0.1,0.02,2,55,3.7,0
420544966,420546220,0.243,0.421,0.243,-74.73066441,40.36449324324324,178,4,1.6,0.11,0.33,0.1,0.02,2,55,3.7,0
420545826,420545990,0.046,0.117,0.046,-74.74017857,40.36422619,178,4,1.6,0.11,0.33,0.1,0.02,2,55,3.7,0
420544965,420545990,0.197,0.513,0.197,-74.73538889,40.36569444444445,178,4,1.6,0.11,0.33,0.1,0.02,2,55,3.7,0
420544365,420545605,0.6960000000000001,1.008,0.466,-74.74433685,40.36736502347416,178,4,1.6,0.11,0.33,0.1,0.02,2,55,3.7,0
420544537,420544365,0.105,0.329,0.105,-74.73713542,40.36770833333334,178,4,1.6,0.11,0.33,0.1,0.02,2,55,3.7,0
420544169,420544365,0.125,0.443,0.125,-74.73910088,40.36927631578948,178,4,1.6,0.11,0.33,0.1,0.02,2,55,3.7,0
420548718,420548069,0.413,0.934,0.413,-74.67093254,40.35192460317461,178,4,1.6,0.11,0.33,0.1,0.02,2,55,3.7,0
420548717,420548069,0.204,0.443,0.204,-74.67358871,40.34942204301076,178,4,1.6,0.11,0.33,0.1,0.02,2,55,3.7,0
420547651,420547036,0.459,1.093,0.459,-74.66489286,40.353023809523805,178,4,1.6,0.11,0.33,0.1,0.02,2,55,3.7,0
420547443,420547036,0.158,0.513,0.158,-74.67,40.35510416666666,178,4,1.6,0.11,0.33,0.1,0.02,2,55,3.7,0
420545996,420545385,0.354,0.863,0.354,-74.65626543,40.35930555555556,178,4,1.6,0.11,0.33,0.1,0.02,2,55,3.7,0
420547036,420546630,0.781,0.35,0.164,-74.66488333,40.35788333333336,178,4,1.6,0.11,0.33,0.1,0.02,2,55,3.7,0
420546630,420546629,3.0780000000000003,0.658,0.21,-74.67143229,40.35929688,178,4,1.6,0.11,0.33,0.1,0.02,2,55,3.7,0
420546631,420546222,0.105,0.326,0.105,-74.66161458,40.35927083333334,178,4,1.6,0.11,0.33,0.1,0.02,2,55,3.7,0
420546632,420545995,0.079,0.304,0.079,-74.65875,40.35999999999999,178,4,1.6,0.11,0.33,0.1,0.02,2,55,3.7,0
420546221,420546629,0.7549999999999999,0.234,0.033,-74.67358333,40.36175,178,4,1.6,0.11,0.33,0.1,0.02,2,55,3.7,0
420545994,420546630,2.087,0.562,0.236,-74.66599537,40.36182870370371,178,4,1.6,0.11,0.33,0.1,0.02,2,55,3.7,0
420545607,420546629,2.8420000000000005,0.395,0.105,-74.67619792,40.36291666666667,178,4,1.6,0.11,0.33,0.1,0.02,2,55,3.7,0
420544968,420546221,0.164,0.142,0.164,-74.66931667,40.36405,178,4,1.6,0.11,0.33,0.1,0.02,2,55,3.7,0
420545995,420546222,0.965,0.142,0.046,-74.66136905,40.36184523809523,178,4,1.6,0.11,0.33,0.1,0.02,2,55,3.7,0
420546222,420545994,1.09,0.117,0.02,-74.66236111,40.36208333333333,178,4,1.6,0.11,0.33,0.1,0.02,2,55,3.7,0
420545385,420545995,0.8400000000000001,0.421,0.158,-74.65927083,40.36381944444444,178,4,1.6,0.11,0.33,0.1,0.02,2,55,3.7,0
420545384,420546221,0.5579999999999999,0.489,0.118,-74.67287037,40.36439814814813,178,4,1.6,0.11,0.33,0.1,0.02,2,55,3.7,0
420544969,420545994,0.761,0.535,0.19,-74.66386494,40.36584770114943,178,4,1.6,0.11,0.33,0.1,0.02,2,55,3.7,0
420543777,420545385,0.328,0.861,0.328,-74.65808333,40.36835000000001,178,4,1.6,0.11,0.33,0.1,0.02,2,55,3.7,0
420544742,420545384,0.092,0.302,0.092,-74.67244048,40.36749999999999,178,4,1.6,0.11,0.33,0.1,0.02,2,55,3.7,0
420543351,420545384,0.348,1.164,0.348,-74.67049528,40.37084119496856,178,4,1.6,0.11,0.33,0.1,0.02,2,55,3.7,0
420544171,420545165,0.118,0.35,0.118,-74.67356481,40.36944444444445,178,4,1.6,0.11,0.33,0.1,0.02,2,55,3.7,0
420543776,420544969,0.138,0.304,0.138,-74.66636905,40.37005952380954,178,4,1.6,0.11,0.33,0.1,0.02,2,55,3.7,0
420543562,420544969,0.433,0.443,0.151,-74.66288043,40.36994565217391,178,4,1.6,0.11,0.33,0.1,0.02,2,55,3.7,0
420548711,420548264,0.236,0.513,0.236,-74.76180556,40.34983796296296,178,4,1.6,0.11,0.33,0.1,0.02,2,55,3.7,0
420548483,420548264,0.04,0.188,0.04,-74.76416667,40.35249999999999,178,4,1.6,0.11,0.33,0.1,0.02,2,55,3.7,0
420548484,420548062,0.125,0.234,0.125,-74.75243421,40.35160087719299,178,4,1.6,0.11,0.33,0.1,0.02,2,55,3.7,0
420548264,420546826,0.3619999999999999,0.21,0.086,-74.76314394,40.35261363636364,178,4,1.6,0.11,0.33,0.1,0.02,2,55,3.7,0
420548061,420547440,0.118,0.326,0.118,-74.75819444,40.35254629629632,178,4,1.6,0.11,0.33,0.1,0.02,2,55,3.7,0
420547869,420548062,6.177,0.4,0.177,-74.75365741,40.35408950617283,178,4,1.6,0.11,0.33,0.1,0.02,2,55,3.7,0
420548062,420547870,6.321999999999999,0.117,0.02,-74.75069444,40.35458333333333,178,4,1.6,0.11,0.33,0.1,0.02,2,55,3.7,0
420548060,420547647,0.164,0.304,0.164,-74.76591667,40.35358333333333,178,4,1.6,0.11,0.33,0.1,0.02,2,55,3.7,0
420547440,420547869,4.226,0.259,0.125,-74.7566886,40.35493421052632,178,4,1.6,0.11,0.33,0.1,0.02,2,55,3.7,0
420547647,420546826,3.398,0.188,0.04,-74.76277778,40.356388888888894,178,4,1.6,0.11,0.33,0.1,0.02,2,55,3.7,0
420546826,420547440,3.983,0.63,0.223,-74.75936275,40.35767156862746,178,4,1.6,0.11,0.33,0.1,0.02,2,55,3.7,0
420546419,420547869,1.774,0.744,0.263,-74.75389583,40.3593125,178,4,1.6,0.11,0.33,0.1,0.02,2,55,3.7,0
420547028,420547647,3.194,0.35,0.099,-74.76308333,40.35836111111112,178,4,1.6,0.11,0.33,0.1,0.02,2,55,3.7,0
420546825,420547028,2.372,0.259,0.125,-74.76633772,40.35809210526316,178,4,1.6,0.11,0.33,0.1,0.02,2,55,3.7,0
420545822,420547028,0.7230000000000001,0.652,0.21,-74.76057292,40.36174479166665,178,4,1.6,0.11,0.33,0.1,0.02,2,55,3.7,0
420546624,420546825,0.204,0.446,0.204,-74.77033602,40.35952956989247,178,4,1.6,0.11,0.33,0.1,0.02,2,55,3.7,0
420546418,420546825,2.043,0.234,0.059,-74.76578704,40.36115740740741,178,4,1.6,0.11,0.33,0.1,0.02,2,55,3.7,0
420546420,420546419,0.112,0.304,0.112,-74.74987745,40.361102941176455,178,4,1.6,0.11,0.33,0.1,0.02,2,55,3.7,0
420545988,420546418,1.846,0.21,0.046,-74.76684524,40.36303571,178,4,1.6,0.11,0.33,0.1,0.02,2,55,3.7,0
420545824,420546419,1.399,0.302,0.079,-74.75229167,40.36305555555556,178,4,1.6,0.11,0.33,0.1,0.02,2,55,3.7,0
420545604,420545988,1.5699999999999998,0.234,0.053,-74.76552083,40.364375,178,4,1.6,0.11,0.33,0.1,0.02,2,55,3.7,0
420545823,420545822,0.092,0.234,0.092,-74.75744048,40.36398809523809,178,4,1.6,0.11,0.33,0.1,0.02,2,55,3.7,0
420545605,420545824,0.8610000000000001,0.304,0.145,-74.753125,40.36541666666664,178,4,1.6,0.11,0.33,0.1,0.02,2,55,3.7,0
420544964,420545822,0.421,0.419,0.099,-74.75963889,40.36602777777779,178,4,1.6,0.11,0.33,0.1,0.02,2,55,3.7,0
420543774,420545824,0.459,0.604,0.459,-74.75185714,40.36851190476189,178,4,1.6,0.11,0.33,0.1,0.02,2,55,3.7,0
420545825,420545605,0.02,0.117,0.02,-74.74847222,40.36402777777777,178,4,1.6,0.11,0.33,0.1,0.02,2,55,3.7,0
420544739,420545604,1.222,0.443,0.112,-74.76551471,40.367132352941184,178,4,1.6,0.11,0.33,0.1,0.02,2,55,3.7,0
420544168,420544964,0.138,0.142,0.138,-74.75581349,40.36847222222223,178,4,1.6,0.11,0.33,0.1,0.02,2,55,3.7,0
420543773,420544964,0.184,0.511,0.184,-74.75720238,40.37092261904763,178,4,1.6,0.11,0.33,0.1,0.02,2,55,3.7,0
420544740,420544739,0.466,0.117,0.007,-74.76541667,40.36875,178,4,1.6,0.11,0.33,0.1,0.02,2,55,3.7,0
420544167,420544739,0.6439999999999999,0.326,0.086,-74.76714744,40.37003205128205,178,4,1.6,0.11,0.33,0.1,0.02,2,55,3.7,0
420543348,420544740,0.321,0.609,0.321,-74.76111395,40.37157313,178,4,1.6,0.11,0.33,0.1,0.02,2,55,3.7,0
420543152,420544740,0.138,0.302,0.138,-74.76430556,40.37271825396825,178,4,1.6,0.11,0.33,0.1,0.02,2,55,3.7,0
420542741,420544167,0.21,0.371,0.21,-74.76757813,40.374375,178,4,1.6,0.11,0.33,0.1,0.02,2,55,3.7,0
420548064,420548065,94.14199999999995,0.188,0.112,-74.71629902,40.35208333333333,178,4,1.6,0.11,0.33,0.1,0.02,2,55,3.7,0
420547031,420548064,1.67,1.104,0.479,-74.7244121,40.35519977,178,4,1.6,0.11,0.33,0.1,0.02,2,55,3.7,0
420547871,420547649,95.82499999999996,0.188,0.046,-74.70863095,40.35482142857144,178,4,1.6,0.11,0.33,0.1,0.02,2,55,3.7,0
420547872,420547873,98.87299999999996,0.117,0.033,-74.70358333,40.35525,178,4,1.6,0.11,0.33,0.1,0.02,2,55,3.7,0
420547235,420547871,0.125,0.35,0.125,-74.71142544,40.35703947,178,4,1.6,0.11,0.33,0.1,0.02,2,55,3.7,0
420547234,420548065,0.829,0.467,0.132,-74.71652778,40.35717592592592,178,4,1.6,0.11,0.33,0.1,0.02,2,55,3.7,0
420547649,420547650,95.99599999999997,0.329,0.105,-74.70630208,40.35552083333333,178,4,1.6,0.11,0.33,0.1,0.02,2,55,3.7,0
420547650,420547872,98.73499999999996,0.117,0.02,-74.70375,40.35625000000001,178,4,1.6,0.11,0.33,0.1,0.02,2,55,3.7,0
420547033,420547872,0.105,0.234,0.105,-74.70078125,40.35796875000001,178,4,1.6,0.11,0.33,0.1,0.02,2,55,3.7,0
420547236,420547649,0.066,0.326,0.066,-74.70891667,40.35775,178,4,1.6,0.11,0.33,0.1,0.02,2,55,3.7,0
420546827,420547031,0.112,0.606,0.112,-74.72438725,40.35825980392156,178,4,1.6,0.11,0.33,0.1,0.02,2,55,3.7,0
420546627,420547650,1.116,0.583,0.19,-74.70636494,40.36038793103449,178,4,1.6,0.11,0.33,0.1,0.02,2,55,3.7,0
420546421,420547648,0.855,0.628,0.145,-74.72704545,40.35946969696969,178,4,1.6,0.11,0.33,0.1,0.02,2,55,3.7,0
420545382,420547650,1.6030000000000002,1.164,0.426,-74.70167308,40.36216025641026,178,4,1.6,0.11,0.33,0.1,0.02,2,55,3.7,0
420547032,420547234,0.493,0.093,0.014,-74.71666667,40.35916666666666,178,4,1.6,0.11,0.33,0.1,0.02,2,55,3.7,0
420545828,420547234,0.204,0.304,0.204,-74.71407258,40.36138440860215,178,4,1.6,0.11,0.33,0.1,0.02,2,55,3.7,0
420545991,420547032,0.184,0.304,0.184,-74.72026786,40.36089285714286,178,4,1.6,0.11,0.33,0.1,0.02,2,55,3.7,0
420545381,420547032,0.295,0.604,0.295,-74.71810185,40.363638888888886,178,4,1.6,0.11,0.33,0.1,0.02,2,55,3.7,0
420546626,420546627,0.079,0.284,0.079,-74.71076389,40.36034722222224,178,4,1.6,0.11,0.33,0.1,0.02,2,55,3.7,0
420545160,420546627,0.847,0.443,0.204,-74.70850806,40.36358870967739,178,4,1.6,0.11,0.33,0.1,0.02,2,55,3.7,0
420545606,420546421,0.171,0.234,0.171,-74.72407051,40.36294871794873,178,4,1.6,0.11,0.33,0.1,0.02,2,55,3.7,0
420546220,420546421,0.539,0.117,0.027,-74.72833333,40.36229166666666,178,4,1.6,0.11,0.33,0.1,0.02,2,55,3.7,0
420544538,420546220,0.269,0.696,0.269,-74.7267378,40.36663617886178,178,4,1.6,0.11,0.33,0.1,0.02,2,55,3.7,0
420544367,420545160,0.328,0.795,0.328,-74.71348333,40.36733333333333,178,4,1.6,0.11,0.33,0.1,0.02,2,55,3.7,0
420543977,420545160,0.315,0.672,0.315,-74.70930556,40.36899305555556,178,4,1.6,0.11,0.33,0.1,0.02,2,55,3.7,0
420545161,420545382,0.086,0.304,0.086,-74.70182692,40.36599358974357,178,4,1.6,0.11,0.33,0.1,0.02,2,55,3.7,0
420544539,420544170,0.164,0.471,0.164,-74.70518333,40.36908333333331,178,4,1.6,0.11,0.33,0.1,0.02,2,55,3.7,0
420543350,420544170,0.269,0.397,0.269,-74.70344512,40.37240853658537,178,4,1.6,0.11,0.33,0.1,0.02,2,55,3.7,0
420546423,420547442,0.138,0.35,0.138,-74.68172619,40.35994047619048,178,4,1.6,0.11,0.33,0.1,0.02,2,55,3.7,0
420546629,420547442,6.9510000000000005,0.537,0.276,-74.67736111,40.35912698412698,178,4,1.6,0.11,0.33,0.1,0.02,2,55,3.7,0
420547034,420547035,99.92299999999996,0.117,0.02,-74.69291667,40.35875,178,4,1.6,0.11,0.33,0.1,0.02,2,55,3.7,0
420547035,420546628,100.30599999999995,0.117,0.04,-74.69138889,40.35944444444445,178,4,1.6,0.11,0.33,0.1,0.02,2,55,3.7,0
420546422,420547034,0.19,0.446,0.19,-74.69691092,40.35972701149425,178,4,1.6,0.11,0.33,0.1,0.02,2,55,3.7,0
420545993,420546628,0.341,0.655,0.341,-74.68600962,40.359855769230776,178,4,1.6,0.11,0.33,0.1,0.02,2,55,3.7,0
420546828,420547035,0.3429999999999999,0.117,0.014,-74.69166667,40.36,178,4,1.6,0.11,0.33,0.1,0.02,2,55,3.7,0
420545992,420546828,0.125,0.326,0.125,-74.69445175,40.362258771929824,178,4,1.6,0.11,0.33,0.1,0.02,2,55,3.7,0
420545829,420546828,0.204,0.302,0.204,-74.69052419,40.36299731182796,178,4,1.6,0.11,0.33,0.1,0.02,2,55,3.7,0
420545164,420545607,1.989,0.704,0.256,-74.68090812,40.36462606837607,178,4,1.6,0.11,0.33,0.1,0.02,2,55,3.7,0
420545165,420545607,0.748,0.278,0.079,-74.67708333,40.36597222222222,178,4,1.6,0.11,0.33,0.1,0.02,2,55,3.7,0
420545383,420545382,1.0910000000000002,0.117,0.014,-74.69833333,40.36499999999998,178,4,1.6,0.11,0.33,0.1,0.02,2,55,3.7,0
420545162,420545383,0.099,0.142,0.099,-74.69530556,40.36569444444444,178,4,1.6,0.11,0.33,0.1,0.02,2,55,3.7,0
420544967,420545383,0.978,0.186,0.033,-74.69775,40.36708333333333,178,4,1.6,0.11,0.33,0.1,0.02,2,55,3.7,0
420545163,420545164,1.647,0.071,0.027,-74.68375,40.36645833333333,178,4,1.6,0.11,0.33,0.1,0.02,2,55,3.7,0
420544741,420545163,1.285,0.517,0.217,-74.68703283,40.36640151515152,178,4,1.6,0.11,0.33,0.1,0.02,2,55,3.7,0
420544369,420545164,0.086,0.326,0.086,-74.68080128,40.368685897435896,178,4,1.6,0.11,0.33,0.1,0.02,2,55,3.7,0
420543154,420545163,0.335,0.72,0.335,-74.68365196,40.37128267973858,178,4,1.6,0.11,0.33,0.1,0.02,2,55,3.7,0
420542550,420545165,0.551,1.255,0.551,-74.67802579,40.37288690476192,178,4,1.6,0.11,0.33,0.1,0.02,2,55,3.7,0
420544170,420544967,0.545,0.397,0.112,-74.70026961,40.36875000000001,178,4,1.6,0.11,0.33,0.1,0.02,2,55,3.7,0
420543560,420544741,1.035,1.145,0.511,-74.69193376,40.369871794871806,178,4,1.6,0.11,0.33,0.1,0.02,2,55,3.7,0
420542939,420544967,0.4,0.881,0.4,-74.69776639,40.37286202,178,4,1.6,0.11,0.33,0.1,0.02,2,55,3.7,0
420544368,420544741,0.033,0.117,0.033,-74.68758333,40.36941666666666,178,4,1.6,0.11,0.33,0.1,0.02,2,55,3.7,0
420542549,420543560,0.262,0.443,0.262,-74.68672917,40.37529166666667,178,4,1.6,0.11,0.33,0.1,0.02,2,55,3.7,0
420542346,420543560,0.262,0.443,0.262,-74.6919375,40.37637499999999,178,4,1.6,0.11,0.33,0.1,0.02,2,55,3.7,0
420542940,420543562,0.223,0.487,0.223,-74.66122549,40.37416666666666,178,4,1.6,0.11,0.33,0.1,0.02,2,55,3.7,0
420543561,420543562,0.059,0.117,0.059,-74.66449074,40.37217592592594,178,4,1.6,0.11,0.33,0.1,0.02,2,55,3.7,0